-35.17287366,-0.10583226400000001
-35.208919514,-0.259908578
-35.244667202,-0.414054172
-35.280081672,-0.568277112
-35.315132204,-0.7225823
-35.349843946,-0.87696468
-35.384286812,-1.031411016
-35.418238756,-1.1859353320000001
-35.451578404,-1.3405461280000002
-35.484307806,-1.4952427860000002
-35.516430908000004,-1.650024542
-35.547951654,-1.80489064
-35.578873994000006,-1.959840314
-35.60920187,-2.114872806
-35.638939232000006,-2.269987354
-35.668090022,-2.425183198
-35.69665819,-2.5804595760000004
-35.72464768,-2.7358157280000004
-35.752062438,-2.8912508920000004
-35.778906410000005,-3.046764308
-35.805183542,-3.2023552160000004
-35.83089778,-3.358022852
-35.856053072,-3.5137664600000003
-35.880653364000004,-3.669585274
-35.904702598,-3.8254785360000003
-35.928204724000004,-3.9814454840000004
-35.951163688,-4.137485358
-35.973583434,-4.293597396
-35.995467908,-4.449780836
-36.016821058,-4.606034922
-36.03764683,-4.7623588880000005
-36.05794917,-4.918751974
-36.077732022,-5.075213422000001
-36.096999332,-5.231742468
-36.115755050000004,-5.388338352000001
-36.13400312,-5.545000314
-36.151747486,-5.701727592000001
-36.168992096000004,-5.858519426000001
-36.185740896,-6.015375054
-36.201997832,-6.172293716
-36.21776685,-6.32927465
-36.23305189800001,-6.4863170960000005
-36.247856918000004,-6.643420294000001
-36.262185858,-6.80058348
-36.276042666,-6.957805896000001
-36.289431286,-7.1150867820000006
-36.302355664,-7.272425374
-36.314819746000005,-7.429820912
-36.32682748,-7.587272636000001
-36.338382810000006,-7.744779784000001
-36.349489682000005,-7.902341595999999
-36.360152044,-8.05995731
-36.370373840000006,-8.217626166
-36.380159018,-8.375347404000001
-36.389511524,-8.533120262
-36.398435302,-8.690943978
-36.4069343,-8.848817792
-36.415012462,-9.006740944
-36.422673736,-9.164712672
-36.429922068,-9.322732216
-36.436761404,-9.480798816
-36.443195687999996,-9.638911708000002
-36.449228870000006,-9.797070132000002
-36.454864892,-9.95527333
-36.460107702,-10.113520536000001
-36.464961246,-10.271810994
-36.469429472,-10.430143942
-36.473516322,-10.588518616000002
-36.477225746,-10.746934260000002
-36.480561686,-10.905390108
-36.483528092,-11.063885402
-36.486128908000005,-11.222419382
-36.48836808,-11.380991284
-36.490249556,-11.53960035
-36.49177728,-11.698245816
-36.492955200000004,-11.856926924
-36.493787258,-12.015642914
-36.494277406,-12.17439302
-36.494429584,-12.333176486000001
-36.494247744,-12.49199255
-36.493735828000005,-12.650840448
-36.492897782,-12.809719424
-36.491737554000004,-12.968628712000001
-36.49025909,-13.127567556
-36.488466336,-13.286535192
-36.486363236,-13.44553086
-36.48395374,-13.604553798000001
-36.481241790000006,-13.763603248000003
-36.478231334,-13.922678446
-36.474926318,-14.081778632000002
-36.471330688,-14.240903046
-36.46744839,-14.400050926
-36.46328337,-14.559221512
-36.458839574,-14.718414042000001
-36.454120948,-14.877627756000003
-36.44913144,-15.036861892
-36.443874992000005,-15.19611569
-36.438355554,-15.35538839
-36.43257707,-15.514679229999999
-36.426543488,-15.673987448
-36.420258752,-15.833312286000002
-36.413726808,-15.99265298
-36.406951604,-16.152008770000002
-36.399937084,-16.311378898
-36.392687196000004,-16.470762598
-36.385205884,-16.630159112
-36.377497096000006,-16.78956768
-36.369564776,-16.94898754
-36.361412874,-17.108417929999998
-36.353045332,-17.267858092
-36.344466096000005,-17.427307260000003
-36.335679116,-17.586764678
-36.326688334,-17.746229584
-36.317497700000004,-17.905701216
-36.308111156,-18.065178814000003
-36.29853265,-18.224661616000002
-36.288766128,-18.384148862
-36.278815536,-18.54363979
-36.268684822000004,-18.70313364
-36.258377928,-18.862629652000003
-36.247898804,-19.022127064
-36.237251392000005,-19.181625114
-36.226439642,-19.341123044
-36.2154675,-19.50062009
-36.204338908000004,-19.660115492000003
-36.193057816,-19.81960849
-36.181628167999996,-19.979098324000002
-36.170053912,-20.138584230000003
-36.158338992000004,-20.298065450000003
-36.146487356,-20.457541222000003
-36.134502948,-20.617010784
-36.122389716,-20.776473378000002
-36.110151606,-20.935928240000003
-36.097792562,-21.09537461
-36.085316532,-21.254811728000004
-36.07272746,-21.414238832000002
-36.060029296,-21.573655162
-36.047225982,-21.733059956
-36.034321466,-21.892452454
-36.021319694,-22.051831894000003
-36.008224612,-22.211197518000002
-35.995040166,-22.370548562
-35.981770302,-22.529884266
-35.968418966,-22.68920387
-35.954990104000004,-22.84850661
-35.941487662,-23.00779173
-35.927915586000005,-23.167058466
-35.914277824,-23.326306056000004
-35.90057832,-23.485533742
-35.886821020000006,-23.644740762
-35.87300987,-23.803926354
-35.859148818,-23.963089758000002
-35.845241808,-24.122230214000002
-35.831292788000006,-24.28134696
-35.817305702,-24.440439234
-35.803284498000004,-24.599506278000003
-35.789233122000006,-24.758547328000002
-35.775155516000005,-24.917561624
-35.761055632,-25.076548408
-35.746937412,-25.235506914000002
-35.732804804000004,-25.394436386000002
-35.718661754,-25.553336060000003
-35.704512208000004,-25.712205175999998
-35.69036011,-25.871042971999998
-35.676209408,-26.02984869
-35.66206405,-26.188621566000002
-35.647927978000006,-26.347360842
-35.63380514,-26.506065754000005
-35.619699482,-26.664735542000003
-35.60561495,-26.823369446
-35.591555492,-26.981966705999998
-35.577525050000006,-27.140526558
-35.563527574,-27.299048244
-35.549567008000004,-27.457531002000003
-35.535647298,-27.61597407
-35.521772392,-27.774376688000004
-35.507946234,-27.932738096000005
-35.49417277,-28.091057534
-35.48045594800001,-28.249334238000003
-35.466799712000004,-28.407567447999998
-35.45320801,-28.565756404000002
-35.439684788,-28.723900344
-35.42623399,-28.881998510000003
-35.412859562,-29.040050136000005
-35.399565452000004,-29.198054466000002
-35.386355606,-29.356010736
-35.37323397,-29.513918188000005
-35.360204488,-29.671776058000003
-35.34727111,-29.829583586000002
-35.334437537999996,-29.98734005
-35.3216396,-30.145055722000002
-35.308695448,-30.302760660000004
-35.295614454,-30.4604566
-35.282372104000004,-30.618137638000004
-35.268913508000004,-30.775800878000002
-35.25525586,-30.93344689
-35.241456232000004,-31.091080540000004
-35.227508222000004,-31.248701128
-35.213422720000004,-31.4063095
-35.199191604,-31.56390478
-35.18474381,-31.721480356
-35.1700952,-31.879037366000002
-35.15538389,-32.036588584
-35.140539618000005,-32.19412725
-35.125438746,-32.351641594
-35.110248472,-32.509147320000004
-35.094987474,-32.66664621
-35.079576002,-32.824130438
-35.063986146000005,-32.981597119999996
-35.048278486,-33.139052088
-35.032501968000005,-33.296500172
-35.016618964,-33.45393755
-35.000581354000005,-33.611359254
-34.984380476000005,-33.76876424
-34.968056280000006,-33.926156484
-34.951667132000004,-34.083541976
-34.935213334000004,-34.240920722
-34.918680672,-34.398291203999996
-34.902072638,-34.555653748
-34.885405106,-34.713010000000004
-34.868665842000006,-34.870358652
-34.851769982,-35.027690538
-34.834726316,-35.185006508
-34.817625930000005,-35.342316308
-34.80051489,-35.499624952
-34.783395228,-35.656932654
-34.76622621800001,-35.814235000000004
-34.748901962000005,-35.971520288
-34.731434454,-36.128789754
-34.714067218000004,-36.286070314
-34.69668352,-36.443349078000004
-34.679145254000005,-36.60061064800001
-34.661521812000004,-36.757862716
-34.643965606,-36.9151223
-34.626409702000004,-37.07238192
-34.608784774,-37.229633814
-34.591088044,-37.38687765
-34.573369512,-37.544119026
-34.555684088,-37.70136413
-34.538024256,-37.85861212
-34.52025434,-38.015847684
-34.50244487,-38.173078788
-34.484724526,-38.330319966000005
-34.467006108,-38.487561358
-34.449204758,-38.64479338
-34.431450642,-38.802030734
-34.413775542,-38.95927700600001
-34.396093328,-39.11652247000001
-34.378411648000004,-39.273767996000004
-34.360724832,-39.431012944
-34.343032346,-39.588257256000006
-34.325377856,-39.745505832
-34.307799984000006,-39.902762998
-34.290243988,-40.060022608000004
-34.272659858,-40.217279066
-34.255093812000005,-40.374537562
-34.237647318,-40.531809348
-34.220338564,-40.689096362
-34.203013736,-40.846381606
-34.185665910000004,-41.003664312000005
-34.168344546,-41.160949938
-34.15108996,-41.3182429
-34.133922458,-41.475545394
-34.11682719,-41.632855750000004
-34.099760996,-41.79016927200001
-34.082634722,-41.94747625
-34.065428680000004,-42.10477453600001
-34.048265072,-42.26207745400001
-34.031178768000004,-42.419388788
-34.014042384,-42.576694666
-33.996785972,-42.73398743600001
-33.979466514,-42.891273268
-33.962140106,-43.048558336000006
-33.94479551,-43.205841402000004
-33.927389186,-43.363117644
-33.909897224000005,-43.520384390000004
-33.892324124,-43.677642086
-33.874673526,-43.83489110400001
-33.85696594,-43.992133716000005
-33.839181192000005,-44.14936762
-33.821263478,-44.306586428
-33.80316769,-44.463784842
-33.784912028,-44.62096476
-33.766603324,-44.778138522000006
-33.748197236,-44.935300896
-33.729575696000005,-45.0924379
-33.7107416,-45.249549564000006
-33.691768928,-45.406644566000004
-33.672637394,-45.563720270000005
-33.653363818,-45.72077864
-33.633968592,-45.877822016
-33.614362638,-46.034839236
-33.594505362,-46.191824858000004
-33.574425964,-46.348782244000006
-33.554137292,-46.505712694
-33.533628244,-46.662614508000004
-33.512912302000004,-46.819489144
-33.49192513,-46.976327718
-33.470632854,-47.133125164000006
-33.449078468,-47.289886794000004
-33.427338376,-47.446622768
-33.405407382,-47.603332196000004
-33.383107216000006,-47.759989418
-33.36044943,-47.916595412
-33.33756381,-48.073168238
-33.31443812,-48.229705800000005
-33.290901436000006,-48.386182032
-33.267029910000005,-48.542607646
-33.242852204,-48.698986126
-33.218319982000004,-48.855309434
-33.193461102,-49.011581112
-33.168287930000005,-49.16780248800001
-33.142749108,-49.323964478
-33.116818566,-49.480061930000005
-33.090517244000004,-49.636097324000005
-33.06385795400001,-49.792071954
-33.036836152,-49.94798420000001
-33.009426776,-50.103828766
-32.981596178000004,-50.259598688000004
-32.953303466,-50.415285332
-32.924529148,-50.570883640000005
-32.895413610000006,-50.726418534000004
-32.865917454,-50.881881672
-32.835887862,-51.037242604
-32.805332232000005,-51.192500964000004
-32.77448126,-51.347701022
-32.74313617000001,-51.502801764000004
-32.71128022600001,-51.657798670000005
-32.679043404,-51.81271666400001
-32.64636827,-51.967542856
-32.613151732,-52.122253742
-32.579453092,-52.276860420000006
-32.54532099,-52.43137190600001
-32.510741296,-52.585783868
-32.47571602,-52.740095364000005
-32.440252668,-52.894306762
-32.404333246,-53.048412622
-32.367892610000006,-53.202395984
-32.33091093,-53.35625037
-32.293494872000004,-53.509999678
-32.255631314,-53.663639366
-32.217306094,-53.817164558
-32.178524606,-53.970575155999995
-32.13925692,-54.12386201000001
-32.099431302,-54.277004814
-32.059144314,-54.430026978
-32.018425574000005,-54.582934744
-31.977226206,-54.735713742
-31.935516308000004,-54.888354154000005
-31.893295360000003,-55.040854016000004
-31.85056762,-55.193212587999994
-31.807400246,-55.345447291999996
-31.763799882,-55.49755845800001
-31.719644478,-55.64950949000001
-31.67495273,-55.801303594000004
-31.629802106,-55.952961934
-31.584159216000003,-56.104472711999996
-31.537963306,-56.255815894
-31.49128581,-56.407011208
-31.444119230000002,-56.55805465
-31.396440962000003,-56.70893737
-31.348244584000003,-56.859655386
-31.299537836000002,-57.010209244
-31.250328414000002,-57.160599552
-31.200606840000003,-57.31082130600001
-31.150364586000002,-57.460869732000006
-31.099590256,-57.610738940000005
-31.04827454,-57.76042364600001
-30.996438876000003,-57.909929051999995
-30.944127104000003,-58.059268636000006
-30.891282524000005,-58.208420368
-30.837869422,-58.357369575999996
-30.783965026,-58.50614163200001
-30.72956534,-58.654733316000005
-30.674634158,-58.80312930600001
-30.619155696000004,-58.951321646
-30.563100050000003,-59.099296552
-30.506431036,-59.247037646
-30.449283594000004,-59.39459438600001
-30.391678358000004,-59.541972966
-30.333528678,-59.68913760200001
-30.274758150000004,-59.836055416
-30.215409236,-59.98274044
-30.15565049,-60.129259254000004
-30.095318134000003,-60.275542380000005
-30.034311960000004,-60.421546156000005
-29.972790554,-60.567333399999995
-29.910781246,-60.712913852
-29.848173616000004,-60.858237954
-29.784936474000002,-61.00328924200001
-29.72115646,-61.148102687999994
-29.656904588,-61.29270735200001
-29.592086336,-61.43705902000001
-29.526687342000002,-61.581148532
-29.460726305999998,-61.724981678
-29.394170708000004,-61.86854058
-29.326986344,-62.011806318000005
-29.259322170000004,-62.154846132
-29.191164006000005,-62.297651144
-29.122422410000002,-62.440176264
-29.053056376,-62.58239854
-28.983099434000003,-62.724331070000005
-28.912627354,-62.866008462
-28.841680122000003,-63.00744873600001
-28.770129092000005,-63.14858421
-28.697853736000003,-63.289350382
-28.625038302000004,-63.429837846
-28.551768172,-63.570088698
-28.477984444,-63.710070050000006
-28.403591358,-63.849728504
-28.328562114,-63.98904625200001
-28.252949798,-64.128048426
-28.176759888,-64.26673477199999
-28.100018366,-64.40511673
-28.022737018,-64.54319789200001
-27.94486993,-64.68094963
-27.866394256000003,-64.81835549200001
-27.787390054000003,-64.955458276
-27.707859882000005,-65.09225652
-27.627726076000002,-65.2287021
-27.546957268,-65.36477275
-27.465590868,-65.500486894
-27.383663206,-65.63586296
-27.301177444000004,-65.770899688
-27.218118466,-65.905584598
-27.134491382,-66.039917456
-27.050320372,-66.17391038
-26.965497012,-66.30749095600001
-26.880008828,-66.440647342
-26.793988614,-66.57346048800001
-26.707445222000004,-66.70593342800001
-26.620269542000003,-66.837990946
-26.532491172,-66.96964886800001
-26.444176814000002,-67.10094769800001
-26.355296342000003,-67.23186402600001
-26.265813922000003,-67.36236966
-26.175715092000004,-67.492450508
-26.084993618,-67.622097874
-25.993653322,-67.75131000200001
-25.90172017,-67.88010097200001
-25.809232542000004,-68.008494396
-25.716153784,-68.136459868
-25.622448456,-68.263967266
-25.528132934000002,-68.39102398200001
-25.433251544,-68.517658658
-25.337810168,-68.64387186200001
-25.241755296,-68.769618804
-25.145034652000003,-68.89485431199999
-25.047677902000004,-69.019596026
-24.949788482000002,-69.14392016800001
-24.851313774,-69.26778119800001
-24.752204546,-69.391135058
-24.652499254000002,-69.514007734
-24.552251944,-69.636438514
-24.451396834,-69.75836919
-24.349889228000002,-69.87975699
-24.247834334000004,-70.00068528000001
-24.145327536,-70.121230546
-24.04231039,-70.241340048
-23.938699042,-70.360937398
-23.834473248000002,-70.479999484
-23.7297375,-70.598613438
-23.62456492,-70.716840064
-23.518858822000002,-70.834590052
-23.412560138000003,-70.951805122
-23.305798856000003,-71.06859936400001
-23.198604634000002,-71.18499603400001
-23.090890342,-71.300911786
-22.982677892,-71.416362546
-22.874025184000004,-71.53139914
-22.764913574,-71.646000466
-22.655315104,-71.760136332
-22.545252264000002,-71.87382445
-22.434763718,-71.987098886
-22.323843016,-72.099950174
-22.21247804,-72.21236305000001
-22.100689088,-72.32435432
-21.988524022,-72.43596886
-21.875997546,-72.54721914000001
-21.763030716000003,-72.658022012
-21.649653088,-72.768404754
-21.535930020000002,-72.878431426
-21.421821098000002,-72.988057954
-21.307283144,-73.097235982
-21.192412654,-73.20606438200001
-21.077206586000003,-73.314537138
-20.96160876,-73.422592526
-20.845684156,-73.530297188
-20.729436314,-73.63765291200001
-20.61284094,-73.74463103000001
-20.495919542,-73.8512528
-20.378715728000003,-73.957563996
-20.26121264,-74.063544362
-20.143380318000002,-74.16915844
-20.025262954,-74.274453838
-19.906856928,-74.37942431200001
-19.788109118,-74.48400811200001
-19.669084528,-74.588276802
-19.549806750000002,-74.692255644
-19.430315906000004,-74.795989728
-19.310591210000002,-74.899453682
-19.19054415,-75.002543524
-19.070217852,-75.105307212
-18.949708628,-75.207856508
-18.828966458,-75.31013111600001
-18.707950756,-75.412082198
-18.586764462,-75.51383036200001
-18.465334342000002,-75.615287282
-18.343709004,-75.71651032
-18.221897132000002,-75.817508602
-18.09985558,-75.918229346
-17.977617328,-76.018711244
-17.85515562,-76.118920728
-17.732434610000002,-76.218812378
-17.6095195,-76.318465212
-17.48648419,-76.417969528
-17.363209190000003,-76.517176868
-17.239594714000003,-76.61596066
-17.115724088,-76.71442335
-16.991672108,-76.812657226
-16.867396784,-76.910608486
-16.742902328,-77.008281094
-16.618158168,-77.105634572
-16.49314408,-77.202641148
-16.367882938,-77.29932858400001
-16.242388790000003,-77.39571338600001
-16.116570754,-77.491674926
-15.990473994000002,-77.587269952
-15.864187224,-77.682613992
-15.737663504,-77.777643108
-15.610751982,-77.872153766
-15.483588548,-77.96632542200001
-15.356168080000002,-78.06014872200001
-15.228443666000002,-78.15355794
-15.100451300000001,-78.24659967000001
-14.972228846,-78.339324154
-14.843638872,-78.43153807600001
-14.714679722,-78.52323511200001
-14.585482388,-78.61459639200001
-14.456073506000003,-78.70565760400001
-14.326237222000001,-78.796108296
-14.196059356000001,-78.886066934
-14.065659478,-78.97570339
-13.934993736000003,-79.06495166
-13.803933942,-79.15362046400001
-13.672527372,-79.241774398
-13.540854615999999,-79.32953046400002
-13.408873082,-79.41682109800001
-13.276511402,-79.503534556
-13.143789960000001,-79.58969630000001
-13.010717784,-79.67531497
-12.877384520000001,-79.76052744
-12.743700988,-79.845187968
-12.609596382,-79.929180992
-12.475266386000001,-80.012812858
-12.340547616000002,-80.09581671000001
-12.205387228,-80.17809971000001
-12.069904008000002,-80.25985015200001
-11.934175002000002,-80.34119165
-11.798067106000001,-80.42189786200001
-11.661513064000001,-80.501846344
-11.524629126,-80.5812294
-11.387462166,-80.66012183000001
-11.249891416,-80.738308358
-11.111891028,-80.815733686
-10.973573842,-80.89259227600002
-10.83492508,-80.96885029600001
-10.695886584,-81.04439598
-10.556491968000001,-81.119282318
-10.41673659,-81.193493266
-10.276608982,-81.26699883600001
-10.13612903,-81.33982889400001
-9.995327346000002,-81.41203488000001
-9.854209264000001,-81.483620572
-9.712775708,-81.554580828
-9.571050504,-81.624956968
-9.429029692,-81.694734502
-9.286685946,-81.763850936
-9.144029816,-81.83232008600001
-9.0011103,-81.90023849200001
-8.857861646000002,-81.96745852400001
-8.714318674000001,-82.0340491
-8.570594734,-82.100247454
-8.426585489999999,-82.16582308
-8.282262342000001,-82.2307047
-8.137703616000001,-82.29506011400001
-7.992947416,-82.35896974600001
-7.847930978,-82.42228688400002
-7.702635652,-82.484961118
-7.557138202000001,-82.54716510600001
-7.411458934,-82.608941572
-7.265568552000001,-82.67021820600002
-7.11944783,-82.730943554
-6.973057814000001,-82.791016152
-6.826517190000001,-82.850721488
-6.6798211720000005,-82.91004288
-6.532879896000001,-82.96875489000001
-6.385742144000001,-83.02697248
-6.23843938,-83.08477139600001
-6.090951796000001,-83.14209681800001
-5.943283714,-83.19895589000001
-5.795475234,-83.25544886
-5.647531854,-83.31158772
-5.499407570000001,-83.367247344
-5.351103574,-83.42242644200002
-5.202658364,-83.477224584
-5.0540817460000005,-83.53166532400002
-4.905335612,-83.585640938
-4.756490972000001,-83.639344922
-4.6075281320000006,-83.69271940200001
-4.458405698,-83.74564698200001
-4.309154964,-83.79821145800001
-4.159768206,-83.85038789400001
-4.010300482000001,-83.902332318
-3.8607482240000004,-83.954032482
-3.71107033,-84.005368032
-3.5612744900000006,-84.056358312
-3.4113657600000007,-84.10701577600001
-3.261344906,-84.15734011
-3.1112339120000003,-84.20739503800002
-2.96105687,-84.25725137
-2.810804602,-84.30688057200001
-2.660472762,-84.35626812000001
-2.510073632,-84.40545062800001
-2.359584726,-84.45435741400001
-2.208975744,-84.50289341000001
-2.058290296,-84.551191432
-1.907540992,-84.599289656
-1.756715264,-84.647147964
-1.6057772360000002,-84.69465059000001
-1.4547104160000002,-84.74174221800001
-1.303579664,-84.78862826800001
-1.152370852,-84.83526194000001
-1.001047414,-84.88152217000001
-0.8496128380000001,-84.9274175
-0.698094862,-84.973036632
-0.54645889,-85.01826210000002
-0.39468979000000004,-85.06303848
-0.24282925,-85.107504276
-0.090889332,-85.151697596
0.061202512,-85.195365436
0.213425342,-85.23857439
0.36573900800000003,-85.28146229000001
0.51815982,-85.32396734400001
0.670725356,-85.365950388
0.8234137540000002,-85.40748423400001
0.976217288,-85.448592524
1.129147414,-85.489227246
1.2822092520000001,-85.529363066
1.435390762,-85.56903965200001
1.58868373,-85.608283572
1.7421107760000003,-85.64699969
1.895673934,-85.685172668
2.049362278,-85.722838382
2.203178614,-85.75997800200001
2.357130904,-85.79654947
2.511200216,-85.83262631000001
2.665416658,-85.86806650400001
2.8197849600000002,-85.90284143400001
2.97424467,-85.937207548
3.1288648460000004,-85.970843146
3.2836297960000005,-86.00380809800001
3.4385115280000003,-86.036218556
3.5935150960000004,-86.06804172400001
3.748643042,-86.09925288400001
3.903903018,-86.129800844
4.0593069040000005,-86.15960732600001
4.2148445400000005,-86.18870863000001
4.370494846,-86.217200612
4.5262657840000005,-86.245025888
4.68216648,-86.27211410400001
4.83818777,-86.298500006
4.9943301280000005,-86.32415870400001
5.150606904,-86.348986264
5.307001228000001,-86.37306110600001
5.463492716,-86.396499608
5.620111226000001,-86.419067362
5.776857282000001,-86.44073763
5.93367614,-86.46187217200001
6.090609614000001,-86.48213717800002
6.2476579480000005,-86.501493912
6.404799318000001,-86.52007926200001
6.56202498,-86.5379375
6.719343472,-86.55495947200001
6.8767591679999995,-86.571055294
7.03424574,-86.586445236
7.191791716000001,-86.601212816
7.349412618,-86.615158514
7.507114060000001,-86.628160686
7.664871270000001,-86.64047053600001
7.8226791879999995,-86.65210917000002
7.980543138000001,-86.66296289
8.138460806000001,-86.673004778
8.296426374000001,-86.682263804
8.454436646000001,-86.690720596
8.612482158,-86.698500784
8.770560146,-86.705578704
8.928674304000001,-86.711802352
9.086810248,-86.717455486
9.244973198,-86.72226309000001
9.403157962,-86.726335234
9.561356298,-86.72980082200002
9.71957236,-86.732346502
9.877797076,-86.73431730800002
10.036028712,-86.735506956
10.194265192000001,-86.735894214
10.352501508000001,-86.735672198
10.510735196,-86.734722054
10.66896417,-86.733156132
10.827184434000001,-86.730887596
10.985391056000001,-86.727807272
11.143581906000001,-86.724002334
11.301758854000001,-86.719657478
11.459917034,-86.71467770800001
11.618050754,-86.70897234200001
11.776155888,-86.70252275000001
11.934229004,-86.695331368
12.092268456,-86.687437468
12.250283334,-86.679060296
12.408264352000002,-86.670074076
12.566198092,-86.66028683600001
12.724086592,-86.6497968
12.881932164,-86.63868082200001
13.039737506000002,-86.62700376200002
13.197489464,-86.61463199
13.355183566000001,-86.601538976
13.512838548,-86.587984464
13.670436608000001,-86.573783918
13.827968458,-86.55886664600001
13.985441696000002,-86.543341764
14.142857848,-86.52724956600001
14.300197586,-86.51042622
14.457465486000002,-86.49294432
14.614675810000001,-86.47495122000001
14.771824788000002,-86.45643137
14.928896498,-86.437266242
15.08589083,-86.41747671000002
15.242791852,-86.39696234000002
15.399615816,-86.375865348
15.556383693999999,-86.35435614800001
15.713079256,-86.332326056
15.869666304,-86.309538614
16.026173793999998,-86.286209
16.182607232000002,-86.262389472
16.338942484,-86.237933286
16.495176486000002,-86.212838616
16.651334904000002,-86.18727716800001
16.80740276,-86.16116968
16.963372998,-86.13448410800001
17.119254106,-86.10728327800001
17.275039876,-86.079541434
17.430724198,-86.051236086
17.58631269,-86.0224081
17.741800596,-85.993043056
17.897180714,-85.963112526
18.05246954,-85.93271212600001
18.207667074,-85.901848574
18.362748022,-85.870405356
18.517710862,-85.838384184
18.672579466,-85.805910826
18.827344394,-85.772946952
18.982010159999998,-85.73952055400001
19.136572982,-85.705621762
19.291030000000003,-85.67124376000001
19.445385662000003,-85.636413618
19.599627068000004,-85.60108106000001
19.753758292,-85.56527064000001
19.907780074,-85.52899268600001
20.061690434,-85.49224470600001
20.215491904000004,-85.45504365400001
20.369172486,-85.41734636800001
20.522736976,-85.37917901
20.676206660000002,-85.34063194000001
20.829582632,-85.30171396600001
20.98283018,-85.26229329200001
21.135961286,-85.22242226200001
21.288967862000003,-85.18207676600001
21.44186304,-85.141310354
21.594664638,-85.100195028
21.747330466,-85.058578538
21.899895362000002,-85.016592946
22.052352288,-84.974217644
22.204683726,-84.93139301600002
22.356911194000002,-84.88820044200001
22.509047176000003,-84.844686534
22.661061684000003,-84.80075054400001
22.812957746000002,-84.75640627000001
22.964743126000002,-84.71168498600001
23.116396910000002,-84.666519306
23.267940024,-84.62098391
23.419394038,-84.575152248
23.57070479,-84.52885119000001
23.721864444,-84.482058028
23.872975320000002,-84.435107704
24.023923760000002,-84.387638854
24.17475272,-84.339789874
24.325470784000004,-84.291594516
24.476033522,-84.242915014
24.626505026000004,-84.193953938
24.776769150000003,-84.144361712
24.926898876000003,-84.094362082
25.07694563,-84.04411540000001
25.226822928000004,-83.99336486800001
25.376542880000002,-83.942152126
25.526109278000003,-83.89049249600001
25.675498374,-83.838322808
25.824729880000003,-83.78570356
25.973851531999998,-83.73277402400001
26.122794210000002,-83.679342788
26.271531314,-83.625342338
26.42011821,-83.570929062
26.568552138,-83.516100834
26.716749754000002,-83.460636738
26.864840982,-83.404888834
27.012774542000002,-83.34872416600001
27.160450604,-83.291886128
27.307902716,-83.234469164
27.455245258000005,-83.176771556
27.602350037999997,-83.11847127
27.749236436000004,-83.059621856
27.895952802,-83.000350384
28.04245548,-82.94055255
28.188716954,-82.88016751
28.334830172,-82.819423474
28.480704344,-82.75810944400001
28.626301054,-82.69613774800001
28.771726356000002,-82.633765646
28.9169026,-82.570815898
29.061811206,-82.50725259400001
29.206518936,-82.44323295200002
29.351034898,-82.378781954
29.49525743,-82.31367668200001
29.639170464000003,-82.24789045600001
29.782869292,-82.181637182
29.926361036,-82.114937026
30.069573418,-82.047638906
30.212490786000004,-81.979716616
30.355145,-81.911243162
30.497526654,-81.84220517400001
30.639647718,-81.772631796
30.781510578000002,-81.70253378000001
30.923046224000004,-81.631777428
31.064296026,-81.56045170200001
31.205236082,-81.488516516
31.345860628000004,-81.41596595800002
31.486216084000002,-81.34289644200001
31.626284500000004,-81.269278126
31.766038196,-81.19506406800001
31.905460278,-81.120228904
32.04455088,-81.04477940800001
32.18332413,-80.968747818
32.321797552,-80.89217154200001
32.45998798,-80.81508577400001
32.597898406000006,-80.73750006400002
32.735491448,-80.65935298400001
32.872707350000006,-80.58054545200001
33.009565858,-80.501119106
33.146154874000004,-80.42122987200001
33.282454786,-80.34084873
33.418373384,-80.25982425800001
33.553915922,-80.178172376
33.689168636,-80.096041196
33.824131854,-80.01343525600001
33.958756799999996,-79.930279172
34.093026586,-79.84655076400001
34.226971272,-79.76230324000001
34.36058344,-79.677529512
34.493884918,-79.592267856
34.626867602,-79.506509972
34.759472016000004,-79.42016823200001
34.891692260000006,-79.333239538
35.023626872,-79.24587755200001
35.155240032,-79.1580325
35.286459242,-79.06959973800001
35.417328052,-78.98064939
35.54789774,-78.891260484
35.678139820000005,-78.80139496800001
35.808014988000004,-78.710999966
35.937509458,-78.620060396
36.066621058,-78.52857802800001
36.195358234000004,-78.436569842
36.323842742000004,-78.34420846
36.45200302200001,-78.251398578
36.579701166,-78.15795320000001
36.707071462,-78.064061652
36.83412833,-77.969746408
36.960823278,-77.874945594
37.08714486,-77.77964773400001
37.213115928,-77.68388708600001
37.338712988,-77.58763635000001
37.463904006,-77.49085822400001
37.588735928,-77.393617174
37.713251558,-77.295971572
37.837415368,-77.197878938
37.961176294000005,-77.099278478
38.084532102,-77.00017168800001
38.20752728,-76.900617668
38.33020279,-76.800670034
38.452544948,-76.700314614
38.574488928,-76.599475696
38.696013096,-76.49813137800001
38.817186156000005,-76.3963673
38.938039294,-76.29422368
39.058463784000004,-76.191574924
39.17844094,-76.08840378000001
39.298052302,-75.98480865200001
39.417337024000005,-75.880837696
39.536253604,-75.77644583200001
39.654774924,-75.671605446
39.77293821800001,-75.566361692
39.89077213,-75.46074926200001
40.00825194000001,-75.35474312400001
40.125331246,-75.24829476400001
40.242027204,-75.141426384
40.358408132,-75.034214814
40.474414364000005,-74.92659819800001
40.589985216,-74.81851394
40.70518860000001,-74.71003819799999
40.820080842,-74.601232938
40.93462933000001,-74.492065834
41.04879561600001,-74.38249916
41.162600922,-74.272557472
41.276075808,-74.16227476200001
41.389125582000005,-74.051556626
41.50188497600001,-73.940542216
41.614321752,-73.82920166000001
41.726306994,-73.717406572
41.837986892,-73.605306612
41.949413628,-73.49295489400001
42.060466592000004,-73.380233906
42.171086348,-73.26708755
42.281356934,-73.15360097599999
42.391340544,-73.03983627000001
42.501010682,-72.92576925
42.610288118,-72.811326136
42.71918148,-72.69651732999999
42.827778426,-72.581428206
42.93604886400001,-72.46603184199999
43.043990664000006,-72.350328094
43.151673206,-72.234382826
43.25906766,-72.118170886
43.366032112,-72.001562926
43.472652284,-71.884640028
43.578932276,-71.767407972
43.684871482000005,-71.649867776
43.790508530000004,-71.532055986
43.895864644,-71.413992892
44.00090842,-71.295651798
44.105604226000004,-71.17700278
44.209970854000005,-71.058064082
44.314061232,-70.938883558
44.41786940200001,-70.819457072
44.521291154000004,-70.699696
44.624437562000004,-70.579697476
44.727388704,-70.459531502
44.830018828,-70.339091194
44.932208176,-70.21827671999999
45.034047494,-70.097166994
45.135672416000006,-69.975877356
45.237104116000005,-69.854426078
45.33822717,-69.73271766200001
45.43893489800001,-69.610665402
45.53928123,-69.48831580800001
45.639398196,-69.365778492
45.739344684,-69.24310208000001
45.839021716000005,-69.120206588
45.93827341400001,-68.996967396
46.037125226,-68.87340717800001
46.135704774000004,-68.749629606
46.234044702000006,-68.62566165
46.332027644,-68.501411316
46.429693444,-68.376911508
46.527043660000004,-68.252164764
46.62401416,-68.12712271000001
46.720595016000004,-68.001779382
46.816899894,-67.876223898
46.912875748000005,-67.750416734
47.008448008,-67.624302724
47.103621876000005,-67.49788772800001
47.198443706000006,-67.37120850400001
47.29288390400001,-67.24424449000001
47.38691292600001,-67.11697570400001
47.480571056,-66.989433686
47.57390557400001,-66.86165467800001
47.666879628000004,-66.73361313000001
47.759391304000005,-66.60523715000001
47.851453828000004,-66.476538624
47.94311002800001,-66.34755045000001
48.034367262,-66.218279702
48.125208852,-66.08871652399999
48.215635384,-65.958863372
48.30567065,-65.828738486
48.395261422000004,-65.698307364
48.484367352,-65.567544388
48.57308447,-65.436517336
48.661343116000005,-65.30518104000001
48.74907693,-65.173493588
48.836312516,-65.041475508
48.923122642,-64.909177324
49.009516848000004,-64.776607142
49.095460304,-64.643744314
49.180915812,-64.510567064
49.265837678000004,-64.377048954
49.350207186000006,-64.24318109400001
49.434115004000006,-64.10902343400001
49.51760224,-63.974603428
49.600549480000005,-63.839849926
49.68292753,-63.704747322
49.764865846,-63.569377676
49.846153284,-63.433616402
49.926872358000004,-63.297516140000006
50.007168316000005,-63.161165978
50.087017196000005,-63.024553514000004
50.16627286400001,-62.88759598200001
50.244884224,-62.750267648000005
50.32290131600001,-62.612600842
50.40040631,-62.474645054
50.477413848,-62.336411014
50.55383098,-62.197849676000004
50.62963284400001,-62.05895083200001
50.704857154,-61.919738268
50.779508918000005,-61.780217948
50.853557048,-61.640376268000004
50.927024054,-61.500228368
50.99985401800001,-61.35974848800001
51.072061516000005,-61.218947533999994
51.143704936000006,-61.07785878
51.21478709000001,-60.93648641
51.28526222000001,-60.79481047000001
51.35514684,-60.652842326
51.424505262000004,-60.510616352
51.493379132,-60.368155128000005
51.561739384,-60.22544670800001
51.629532234,-60.08246788400001
51.696766984,-59.939225804
51.763515166000005,-59.795756268000005
51.829805138,-59.65207452600001
51.895577284000005,-59.508155018000004
51.960927905999995,-59.364043514
52.025822736,-59.219726296000005
52.09018632600001,-59.075171316
52.154035416,-58.93038835600001
52.217450734,-58.785414886000005
52.280465794,-58.640267022
52.34310147400001,-58.49495499
52.40533301000001,-58.34946946600001
52.46709921000001,-58.20378574
52.528410772,-58.05791011
52.589343924000005,-57.911876043999996
52.649964534000006,-57.76571187
52.710213784,-57.61939435000001
52.769996166,-57.47288541
52.829514808,-57.326269086
52.888749854000004,-57.179538014
52.947589746000006,-57.032648024000004
53.006013726000006,-56.885592092
53.06411180600001,-56.73840713
53.121959436,-56.591123534
53.179529136,-56.443731114
53.236794954000004,-56.29622033000001
53.293769178000005,-56.148596690000005
53.350443512000005,-56.00085765400001
53.40682092,-55.85300506800001
53.462949292,-55.705057753999995
53.51886987200001,-55.55703178
53.574569174000004,-55.408922402
53.62999949,-55.260712146
53.685169438,-55.112404772000005
53.740113478000005,-54.964013552
53.794849806,-54.815545604
53.84938931200001,-54.667005236
53.903779034,-54.518409944
53.957972170000005,-54.369742876000004
54.011983150000006,-54.221009506
54.065863062000005,-54.07222861400001
54.119574580000005,-53.923386834
54.173032909999996,-53.774453972
54.226350674,-53.62547068200001
54.27961400200001,-53.476467952
54.33278200800001,-53.327431176000005
54.385803608,-53.17834224800001
54.43871035800001,-53.029212536
54.491561034,-52.88006291000001
54.544286574000004,-52.730869055999996
54.596825296,-52.58160927
54.649372726,-52.432352560000005
54.70190807400001,-52.283091600000006
54.75437207600001,-52.133805550000005
54.806760241999996,-51.984492862
54.859077428000006,-51.835155292
54.911280137999995,-51.685777676
54.963451994,-51.53638926400001
55.015559862,-51.386978542
55.067559822,-51.237530214
55.119552997999996,-51.088079534
55.171579398,-50.938640384
55.22343696200001,-50.789142642
55.275159432,-50.639598026
55.326925424,-50.490068504
55.378673196,-50.340532668
55.430271919999996,-50.190945338000006
55.481698712000004,-50.04129881200001
55.533083714,-49.891637932
55.58448714,-49.741983382
55.635722310000006,-49.592271148
55.686856904,-49.442524514000006
55.737930416,-49.292757052000006
55.788916044,-49.14295964600001
55.839802964,-48.993128678000005
55.8906288,-48.843276980000006
55.94140617000001,-48.693408846000004
55.992080642,-48.54350589800001
56.042611134000005,-48.393554346
56.09302671200001,-48.243564122
56.14336058400001,-48.093546464000006
56.193606754,-47.94349939400001
56.24371798,-47.793407226
56.29373865600001,-47.64328484000001
56.343780412,-47.493169484
56.393655916,-47.342998804000004
56.443294808,-47.192749756000005
56.49281511200001,-47.04246156400001
56.542315394000006,-46.892166796
56.591728812,-46.741843448
56.641103034000004,-46.591507176
56.690291005999995,-46.441109946000005
56.739236624,-46.29063359
56.788106782,-46.140132748000006
56.836999752,-45.989639286
56.885671296,-45.839074144
56.93414596600001,-45.688445402000006
56.982568236,-45.53779986800001
57.030922624000006,-45.387132514
57.079110140000004,-45.236411700000005
57.127082478000005,-45.085622278
57.174915112,-44.93478846400001
57.222697624000006,-44.783938774000006
57.27039741,-44.633062898
57.31788721000001,-44.48212081
57.36518995,-44.331119978000004
57.412390074,-44.180087046000004
57.459502234000006,-44.029026656000006
57.50645591200001,-43.877916926000005
57.553244664000005,-43.726756046000006
57.59986981,-43.575544624
57.646330728,-43.42428266
57.692627238,-43.272970296000004
57.738759914000006,-43.1216079
57.7847482,-42.970201582
57.83065968,-42.818771934000004
57.876454646000006,-42.667307036000004
57.92200434,-42.51576817
57.967320552000004,-42.364159336
58.01251164000001,-42.212513164
58.05765415,-42.06085249
58.10265999800001,-41.909151262
58.147389876000005,-41.757368392000004
58.19198626,-41.605546248
58.23655444600001,-41.453715848
58.281052892000005,-41.301864962
58.325355024000004,-41.149956712000005
58.369408044000004,-40.997976024
58.413364626,-40.845967412
58.457301224000005,-40.69395302
58.501129712,-40.541907448
58.544773246000005,-40.38980865600001
58.588348800000006,-40.237690394
58.631948582,-40.085579008
58.675330210000006,-39.93340541800001
58.718493526,-39.781169604000006
58.761701872,-39.62894663
58.80490703200001,-39.476722744
58.847985726000005,-39.324463016
58.890887834000004,-39.172153444
58.93368651,-39.019814772000004
58.976498318,-38.867479792000005
59.019308460000005,-38.71514432800001
59.061955052,-38.56276303800001
59.104451229999995,-38.41033968400001
59.146955412000004,-38.25791859
59.189511517999996,-38.105511974
59.23191312200001,-37.953062322
59.27423549400001,-37.800590624
59.316572011999995,-37.648122876
59.358915236,-37.49565698200001
59.401230862000006,-37.343183426
59.443459028,-37.190685622000004
59.48554868,-37.038149528000005
59.52764955200001,-36.885616556
59.56988158000001,-36.733119816
59.61203382,-36.58060101
59.654106294,-36.42806018
59.6962003,-36.275525296000005
59.738316286,-36.122996476
59.780386994000004,-35.970455162
59.82246397200001,-35.817915576000004
59.864535898,-35.665374598
59.906615044000006,-35.512835611999996
59.948722118000006,-35.360304332
59.990828281999995,-35.2077728
60.03288731200001,-35.055228256
60.075052212,-34.90271297
60.11727478400001,-34.750213614
60.159458964,-34.59770364
60.201710260000006,-34.445212246000004
60.24404645600001,-34.292744394
60.286290826000005,-34.14025108800001
60.32854393400001,-33.987760218
60.37098925200001,-33.835322696
60.413475736,-33.682896662000005
60.455957188000006,-33.53046923
60.498487192000006,-33.378055328
60.541129072000004,-33.225672696
60.583841568000004,-33.07330984
60.626504796,-32.920933172000005
60.669309456,-32.768596206000005
60.712265584,-32.616301836000005
60.755243726,-32.464013705999996
60.79820573,-32.311721016
60.841260182,-32.159454436
60.884420598,-32.007217856000004
60.92765757,-31.855003004000004
60.970936664,-31.702800122000003
61.014242532000004,-31.550604858000003
61.057620052000004,-31.39842999
61.101125924,-31.246291784
61.14470162400001,-31.09417355
61.18827919,-30.942055858
61.23190263200001,-30.789951312
61.275576222,-30.63786116
61.31929874800001,-30.485785066000002
61.363074831999995,-30.333724384
61.406880566,-30.181672238
61.45068611200001,-30.029620030000004
61.49462949600001,-29.877607628
61.538647156,-29.725616682
61.582619964,-29.573612776
61.626569218,-29.421602051999997
61.670624646,-29.269622062000003
61.714803466000006,-29.117677898
61.75901064,-28.965741981999997
61.80317900600001,-28.813794775999998
61.847344648,-28.661846781999998
61.891568762,-28.509915794
61.935869212,-28.358007049999998
61.980200272000005,-28.206107232
62.024508728,-28.054200820000002
62.06880393,-27.902290544
62.113158432000006,-27.750397570000004
62.157579639999994,-27.598524092000005
62.202015712000005,-27.446654962000004
62.246432922,-27.294780314000004
62.29085574,-27.142907308000005
62.335278488,-26.991034280000004
62.37969968600001,-26.839160798
62.424147346,-26.687295060000004
62.468652878,-26.53544627
62.51318834800001,-26.383606258
62.557653662,-26.231745690000004
62.602135780000005,-26.079890044000003
62.646670422,-25.928049788
62.691156584,-25.776195324000003
62.735617321999996,-25.624333410000006
62.780135544,-25.472488346000002
62.82472003200001,-25.320662712
62.869276844000005,-25.168828970000003
62.913717006000006,-25.016961034
62.95811632,-24.86508115
63.002543161999995,-24.713209324
63.047003456000006,-24.561347282
63.09145438000001,-24.409482498000003
63.135871472,-24.257607818
63.180316328,-24.105741254
63.224699826000005,-23.953856762
63.269017372,-23.801952994000004
63.31338128800001,-23.650062772000002
63.35781250600001,-23.498192220000004
63.402162906,-23.346298052
63.44640428,-23.194372086
63.49060525600001,-23.042434366000002
63.534811598000005,-22.890498208
63.578997536,-22.738556114
63.623164758,-22.586608578
63.667363048000006,-22.434670076000003
63.711554238,-22.282729512000003
63.755626113999995,-22.13075429
63.79960650000001,-21.97875257
63.84354380800001,-21.826738392
63.88748339400001,-21.674724876
63.931448728,-21.522718798
63.975396294,-21.370707582
64.019212256,-21.218658394000002
64.063026132,-21.066608594
64.106860304,-20.914564642000002
64.150611548,-20.762496810000002
64.1942855,-20.610406762
64.237982216,-20.458323244
64.281613806,-20.30622105
64.32518782800001,-20.154102334
64.3687828,-20.00198963
64.412295204,-19.849853284
64.455728712,-19.697694392000002
64.499184842,-19.545541964
64.542640566,-19.393389422000002
64.58596623,-19.241199784000003
64.629194046,-19.08898233
64.67241613600001,-18.936763254
64.715634448,-18.784543096
64.758774178,-18.632300660000002
64.801825446,-18.480033178
64.84493512200001,-18.327782226
64.88800020000001,-18.175518652
64.930947794,-18.023221896000003
64.973814398,-17.870902324
65.01664478400001,-17.718572568
65.059456344,-17.56623752
65.102242596,-17.413895352
65.144942252,-17.261528906000002
65.187538794,-17.109133588000002
65.230132082,-16.956737364000002
65.27271088,-16.804337086
65.31519814400001,-16.651911278
65.357587082,-16.499458082
65.399955168,-16.346999098
65.442332406,-16.194542652000003
65.48459696600001,-16.04205494
65.526723862,-15.889529126
65.568796832,-15.736988435999999
65.61086832,-15.584447336
65.652873306,-15.431887914
65.69488106200001,-15.279329244
65.736826554,-15.126753460000002
65.778621852,-14.974136446000001
65.82033356800001,-14.821496578000001
65.86204455800001,-14.668856508
65.903693622,-14.516199536
65.94526011800001,-14.36352005
65.986760266,-14.210822526000001
66.028172274,-14.058101070000001
66.069552834,-13.905371096
66.110917744,-13.752636856000002
66.152159384,-13.599869332
66.193260264,-13.447063842
66.234419452,-13.294274050000002
66.275441692,-13.141447460000002
66.316319656,-12.988582176000001
66.35719628000001,-12.835716554000001
66.39808077,-12.682853034
66.438800326,-12.529945506
66.479536112,-12.377042288
66.52028443200001,-12.224142416
66.560954484,-12.071221702
66.601582164,-11.91828973
66.64218810999999,-11.765351978
66.682699322,-11.612389114
66.72322129000001,-11.459429106000002
66.763838556,-11.306494358000002
66.8044183,-11.153549656000001
66.84493469,-11.000588162
66.885431164,-10.84762139
66.925937898,-10.694657338
66.96643491,-10.541690710000001
67.006909078,-10.388718034
67.047483098,-10.235771822
67.088123838,-10.082843312000001
67.128745788,-9.929909814
67.169380264,-9.776979648000001
67.210142626,-9.624083520000001
67.25089356,-9.471184338
67.291673302,-9.318292848
67.332528508,-9.165421498
67.37338157,-9.012549578
67.414263754,-8.859685416000001
67.455343848,-8.706874384
67.49647815,-8.554077878
67.537593864,-8.401276403999999
67.57890168,-8.248526726
67.620293682,-8.095799844
67.66167584,-7.943070286
67.703151636,-7.79036617
67.744798076,-7.6377084580000005
67.786510626,-7.485068812000001
67.82836165,-7.332467086
67.87034177000001,-7.1799008099999995
67.912415344,-7.027360280000001
67.954604796,-6.874851766000001
67.996946854,-6.722385556000001
68.039344196,-6.569934670000001
68.081916498,-6.41753262
68.124734848,-6.265199448000001
68.16768691200001,-6.112903958
68.210702196,-5.960626308
68.25385095,-5.8083864080000005
68.29722808400001,-5.6562114480000005
68.34084081600001,-5.5041038140000005
68.384600468,-5.3520384000000005
68.428439206,-5.199995772
68.47242063,-5.047994318000001
68.516671102,-4.896071036
68.561195624,-4.744227782
68.605854384,-4.592423988
68.650644274,-4.4406588220000005
68.695646066,-4.288956358
68.740908074,-4.137331328
68.78640659,-3.9857770940000004
68.832100096,-3.8342815360000007
68.878026294,-3.682856364
68.924196534,-3.531505418
68.970592432,-3.3802234900000006
69.01721234,-3.22901045
69.06409502400001,-3.0778786620000003
69.11124109000001,-2.9268288680000003
69.158532682,-2.775824514
69.205969472,-2.624865776
69.253663298,-2.4739880060000004
69.301545088,-2.323169792
69.34958395800001,-2.1724015380000004
69.39778636,-2.021685504
69.44613011599999,-1.8710147240000001
69.494606202,-1.720386478
69.54333921,-1.56984118
69.592261162,-1.419357138
69.641257114,-1.268897206
69.690294988,-1.118450918
69.739442616,-0.9680404420000001
69.788782082,-0.8176928180000002
69.838190588,-0.667367818
69.887686298,-0.517071564
69.93736775800001,-0.36683656600000003
69.98712024000001,-0.21662508800000002
70.036852442,-0.066406898
70.08663177800001,0.083795678
70.136514288,0.233964028
70.18645740800001,0.384112228
70.23641770200001,0.534254714
70.286428388,0.684380424
70.336508438,0.834483008
70.38661991000001,0.984575104
70.43670988400001,1.1346743760000002
70.48679422000001,1.28477553
70.53691195200001,1.4348655380000002
70.586998096,1.5849660840000002
70.63698255000001,1.735100534
70.686917738,1.8852513720000001
70.736903852,2.03538526
70.78688582800001,2.185520532
70.836807726,2.3356757900000003
70.886659978,2.4858541840000004
70.93643482600001,2.636058252
70.98615691600001,2.786279786
71.035819218,2.9365211240000004
71.085330532,3.0868122400000004
71.13467359799999,3.2371587159999997
71.184018986,3.3875044180000007
71.23329032000001,3.5378744060000002
71.28240756400001,3.6882947940000004
71.331371328,3.838765222
71.38021699,3.98927402
71.42894405,4.139821260000001
71.477516024,4.290418624
71.525870676,4.441085876000001
71.57403152,4.591815216
71.62210248000001,4.742573228
71.670052654,4.893369768
71.717692628,5.044264442
71.765162314,5.19521294
71.81256815,5.346181394
71.859658288,5.49724867
71.906486496,5.648397332
71.95312891,5.799603474
71.999516162,5.950887988000001
72.04563226200001,6.102255468
72.091634944,6.2536574400000005
72.13734045800001,6.4051493420000005
72.182714668,6.556740862
72.227841946,6.708406052
72.272768422,6.860130836000001
72.31748302800001,7.011918182
72.36204068800001,7.163751732000001
72.406341538,7.3156603239999995
72.450325798,7.467660962
72.49410084,7.619721946
72.537759136,7.771816490000001
72.581287548,7.923948274000001
72.62460635000001,8.076139852
72.66767634,8.228402052
72.71055086400001,8.380719396000002
72.753293316,8.533073854
72.795885138,8.685470502
72.83826774399999,8.83792544
72.880459126,8.990433436
72.92255934,9.142966614
72.96452518,9.295536808
73.006348866,9.448146044000001
73.04803225,9.600793656
73.089556914,9.753484522
73.13091934,9.906219414
73.172178,10.058982368
73.213391598,10.211757494
73.254522092,10.364555000000001
73.29548572200001,10.517397338000002
73.33631339600001,10.670276040000001
73.377083848,10.823170026
73.417758942,10.976089378000001
73.458359894,11.129028464000001
73.49895087,11.281970188
73.53933163200001,11.434967526000001
73.579585058,11.587998464000002
73.619925318,11.741006498
73.66029400800001,11.89400702
73.700417844,12.047071962
73.740544342,12.200136212
73.780724502,12.353186370000001
73.820877796,12.506243582000002
73.860951828,12.659321566000001
73.9009647,12.812415548000002
73.94098226,12.965508304
73.981008692,13.11859874
74.021031414,13.271690146000001
74.06105393200001,13.424781606
74.101076338,13.577873096
74.14109839000001,13.730964678000001
74.181126426,13.884054696000002
74.221144014,14.037147443999999
74.261150114,14.190243194000002
74.301232592,14.343318968
74.341409844,14.496369892000002
74.381642716,14.649406208
74.421906574,14.80243437
74.462191378,14.955457022
74.502435838,15.108490287999999
74.54276409399999,15.261501494000001
74.58326824,15.414466234
74.623901954,15.567396608000003
74.664547944,15.720323716
74.70516227,15.873259252
74.745904618,16.026160692
74.78682248,16.179015304
74.82781582,16.331849666
74.86885729000001,16.484671112
74.910004478,16.637464140000002
74.95132016400001,16.79021167
74.992718266,16.942936900000003
75.03408597,17.09567036
75.075534338,17.248381952
75.117068462,17.401070236000002
75.15867012400001,17.55374016
75.20040882800001,17.706372634
75.24232357,17.858956884
75.28420863400001,18.011549282
75.32613922,18.164129166000002
75.36813172,18.316692028000002
75.41012103199999,18.469255776
75.452158592,18.621806238
75.494409894,18.774297608
75.536655774,18.926790512
75.578889828,19.079286668
75.62126157,19.23174465
75.66366998400001,19.384192422
75.70604168,19.53665041
75.748479824,19.689089894000002
75.790975286,19.841513436
75.83347458600001,19.993935894000003
75.87612251,20.146316832
75.918815736,20.298685098000004
75.961457468,20.451067772000002
76.004113954,20.603446310000002
76.04686838600001,20.755797408000003
76.089595158,20.908156262000002
76.13236869400001,21.060501988
76.175217188,21.212826658
76.21808173,21.365146806000002
76.260915034,21.517475742000002
76.303747402,21.669804952000003
76.346682712,21.822105160000003
76.389627988,21.974402562
76.432481708,22.126725764
76.475362218,22.279041422000002
76.518326812,22.431333376
76.561300416,22.583622794
76.60424350800001,22.735920818
76.647200558,22.888214906
76.69018921000001,23.040500078
76.733092772,23.192809234000002
76.77590999,23.34514271
76.818774188,23.497462940000002
76.861759604,23.649749030000002
76.904712446,23.802044312000003
76.94754605000001,23.954373156000003
76.990368536,24.106705134000002
77.03326922600002,24.259015114
77.07616080000001,24.411327656
77.118926526,24.563675574
77.16172819600001,24.716013404
77.20451877400001,24.868354338000003
77.24719263600001,25.020728028
77.28983995600001,25.17310914
77.33250448000001,25.325485434
77.37514899600001,25.477867330000002
77.41774410400001,25.630263046
77.46029371200001,25.782671470000004
77.502800844,25.935091748000005
77.545247942,26.087528756
77.58765979600001,26.239975566
77.630063684,26.392424610000003
77.67240005800001,26.544892402000002
77.71455804800001,26.69740961
77.756698102,26.849931792000003
77.798791678,27.002466794
77.84074401000001,27.155040709999998
77.88257746400001,27.307647262000003
77.924361542,27.460267346000002
77.96604665800001,27.61291447
78.00765715,27.765581982
78.049171136,27.918275738000002
78.09047232,28.071027212000004
78.131591336,28.223827812000003
78.17262818200001,28.376650514
78.21356115600001,28.529501046000004
78.254332928,28.68239468
78.29497014600001,28.835324122
78.3354612,28.988292330000004
78.37578162800001,29.141305608
78.415927636,29.29436472
78.455944762,29.447457604
78.495847264,29.600580430000004
78.535404302,29.753792758
78.574742012,29.907061668
78.613996962,30.060351746
78.65305990600001,30.213690862
78.691805516,30.367110437999997
78.730425256,30.520561866000005
78.76880122600001,30.674074254
78.806857982,30.827666248000003
78.84476771,30.981294524
78.882516948,31.134962344
78.91995188800001,31.288707016000004
78.95701783800001,31.442541062
78.993842476,31.596433072000004
79.03055054200001,31.750352912
79.06695583800001,31.904344650000002
79.103005276,32.058420068
79.13879797,32.212555378000005
79.174372646,32.366741100000006
79.20961845800001,32.521002356000004
79.244551868,32.675334662000004
79.27919620200001,32.829732108
79.3135383,32.984197066
79.347540522,33.138737196
79.381178066,33.293357114
79.41448255,33.448049102
79.447507462,33.602801036
79.48024445600001,33.757614114
79.51262293600001,33.912502586
79.54459896200001,34.067474646
79.57618020800001,34.222527628
79.607399134,34.377653984
79.638261914,34.532851570000005
79.668745962,34.688124
79.698855112,34.84346956
79.72858500400001,34.998888164
79.757931262,35.154379608
79.786926698,35.309936932
79.81556037000001,35.465561256
79.84361521,35.62129082800001
79.871259886,35.777093914
79.89860635400001,35.932949562
79.92550363200002,36.08888330600001
79.951831462,36.244914198
79.97790466800001,36.400987952
80.00365748000002,36.557114762
80.02891104000001,36.713323176
80.05366431200001,36.869611644
80.07803450200001,37.025960272
80.10213453600001,37.182350792
80.12591905000001,37.338789604
80.14927202000001,37.495293406
80.17215632,37.651866448
80.19467016800002,37.808493168000005
80.216911706,37.96515877
80.23888543800001,38.121862222
80.260473392,38.278619202
80.281578002,38.435442042000005
80.30235692000001,38.592308372000005
80.32285478,38.749211638000006
80.343053952,38.906153648
80.36295073000001,39.063134288
80.38254405200001,39.220153092000004
80.40177234800001,39.377217016
80.42062555400001,39.534326392000004
80.43919136,39.69147
80.457554164,39.848637450000005
80.475652788,40.00583558
80.49334220200001,40.163080176
80.51075686000001,40.320355582000005
80.527966582,40.477653430000004
80.54487506200002,40.634984
80.561513554,40.792343334
80.577923462,40.949726674000004
80.59407200800001,41.107137058000006
80.609887556,41.264581222000004
80.625386306,41.42205690200001
80.64074056800001,41.579546734000004
80.655906738,41.737054804
80.670779214,41.894590820000005
80.68541641600001,42.05214894
80.699945696,42.209717026
80.714150218,42.367314672
80.728101264,42.524935038
80.741910622,42.68256783
80.755553914,42.84021509
80.76894768400001,42.997883756
80.782098148,43.155572886
80.795088304,43.313275322
80.80792625200002,43.470990202
80.82055013200001,43.628722372
80.832964914,43.78647113
80.84523751200001,43.944231026000004
80.85736688200001,44.102001974000004
80.86935615800002,44.259783654
80.881211906,44.417575412000005
80.89284530600001,44.575383726000005
80.90426077000001,44.73320794
80.91558989,44.891038398000006
80.92685086,45.048873702
80.937929118,45.206721956
80.94892364,45.364576062
80.95984592,45.522435182
80.970631018,45.680303732
80.981231736,45.838184774000005
80.99168601400001,45.996075576
81.00208918800001,46.153969756
81.01240050400001,46.31186996
81.022553664,46.469780412000006
81.03254377600001,46.627701266
81.04240754,46.785630056
81.052146758,46.943566600000004
81.06167069600001,47.10151622800001
81.07097553,47.259478956
81.080145848,47.41744953
81.089150632,47.575429658000004
81.097843166,47.73342721
81.10626294000001,47.89143961
81.114497648,48.049461712
81.12252916400001,48.207494286000006
81.13031029000001,48.365539394
81.13780090200001,48.523598524
81.14499847,48.681671296000005
81.151901886,48.839757162000005
81.158507762,48.997855748000006
81.16486923000001,49.155964358000006
81.17091511800001,49.314085398
81.17652156000001,49.472222522
81.18172494200002,49.63037353000001
81.186697206,49.788531942
81.191256444,49.94670274800001
81.19538211000001,50.104885530000004
81.19914102000001,50.263077428
81.20252528,50.421277774
81.20545503800001,50.579487202
81.207940686,50.737704228000005
81.210012674,50.895927226
81.211647976,51.054155324
81.212784412,51.212387809999996
81.213412936,51.3706231
81.213611384,51.528859554
81.213366722,51.687095924000005
81.21258620200001,51.845330558
81.211209178,52.003561147999996
81.20927917,52.161785918
81.206847404,52.320003878
81.203845318,52.47821186600001
81.200254982,52.63640776
81.19618261800001,52.79459191
81.19152079000001,52.95275981
81.186171528,53.110905946
81.180134282,53.26902732800001
81.173476592,53.427123794
81.166240228,53.58519483600001
81.15835746200001,53.743234932
81.14980675800001,53.901240346
81.140587634,54.059208149999996
81.13066982200002,54.217133638
81.11999610000001,54.37500988000001
81.10853847800001,54.532831036000005
81.09640796800001,54.690602092
81.083621232,54.848321164000005
81.070033792,55.00597337000001
81.05560948800002,55.163551114
81.040462956,55.321061272
81.02455003,55.478495611999996
81.00778209600001,55.635841362
80.99018585600001,55.793096574
80.97176863,55.950257756
80.95253643800001,56.107321264
80.93249347800001,56.264283458
80.911593982,56.42113381200001
80.88976990600001,56.577858230000004
80.867106824,56.734463554
80.84363767,56.890950062
80.81934547600001,57.04731091400001
80.794219908,57.203540046
80.768269372,57.35963428
80.74147029800001,57.515584984
80.71388381000001,57.671398428
80.68556584200002,57.827080516
80.65650678200001,57.98262600000001
80.62668640000001,58.138027320000006
80.59611154800001,58.293281965999995
80.56478789200001,58.448387282
80.53270687000001,58.603337690000004
80.49987725,58.758131234
80.466364252,58.912778236
80.43216947600001,59.06727604
80.39721381000001,59.221603202
80.36154698200001,59.375767836
80.325323686,59.529802558
80.28835096200001,59.683659028
80.250661644,59.837341646000006
80.212379612,59.990877696
80.173499992,60.14426341800001
80.13391319800002,60.29746818
80.093718192,60.450514564
80.05293551,60.603405298
80.01154802600001,60.756133476
79.969559232,60.908697422
79.926964162,61.061093232
79.88375606,61.21331628000001
79.840008696,61.365385366
79.795728736,61.51730008
79.75085731000001,61.669041222000004
79.705466102,61.820627652
79.65959468,61.972069518000005
79.613172566,62.123343382
79.566159552,62.274434748000004
79.518626106,62.425363145999995
79.47061821800001,62.57614129
79.422166946,62.72677755800001
79.373262568,62.877267332
79.32385740800001,63.027593444000004
79.27391414600001,63.177741652
79.22348214600001,63.327726354000006
79.17267782200001,63.477585436000005
79.12146966,63.627306918
79.06973712000001,63.776848076
79.017520926,63.926220972
78.965020248,64.075494266
78.912115692,64.224624656
78.85872856,64.37358319600001
78.804957524,64.52240347600001
78.75079573800001,64.671082012
78.696251534,64.819620648
78.641384518,64.968040422
78.586178288,65.116334264
78.530561144,65.26447454000001
78.474608532,65.41248843
78.41834234800001,65.560383384
78.36175467000001,65.70815563000001
78.30484401000001,65.855803798
78.247607122,66.003325806
78.19000909,66.15070718
78.13206662600001,66.297953474
78.07385997,66.44509554400001
78.01542074000001,66.592145394
77.956638866,66.739058658
77.897405688,66.885790404
77.83790282400001,67.032413214
77.77812745400001,67.178924924
77.717898436,67.32525087200001
77.65728117600001,67.471416364
77.5963875,67.617466886
77.535224854,67.76340509
77.47365358,67.909171188
77.41160011400001,68.054732798
77.349280324,68.200180574
77.286623174,68.345483294
77.22352283800001,68.490594126
77.159972182,68.63550832600001
77.096029172,68.780249808
77.03173213600002,68.924834358
76.967076158,69.069258812
76.901985968,69.213488008
76.836425518,69.35750413
76.77047144800001,69.50134037000001
76.70416662400001,69.64501527200001
76.637450688,69.78849977200001
76.57023496000001,69.93175073600001
76.502533566,70.074772904
76.434458136,70.21761739600001
76.365917896,70.360239402
76.29689317600001,70.50262759
76.227449066,70.64481174400001
76.15760121800001,70.786797948
76.087240112,70.928530538
76.016342098,71.069995346
75.944924274,71.21119838
75.873050546,71.35216995
75.800774046,71.49293540400001
75.72800941199999,71.633449262
75.654657544,71.77365719
75.580849382,71.913625882
75.506606098,72.053363856
75.431725282,72.192761436
75.356353312,72.33189409
75.280499906,72.47076479600001
75.20408660000001,72.609328178
75.127097154,72.747572352
75.0495955,72.88552999400001
74.97156057800001,73.023186658
74.892997944,73.1605429
74.81390125,73.297592256
74.734236292,73.434312096
74.653980284,73.570685826
74.573134898,73.706710974
74.491715324,73.842393236
74.409727066,73.977732592
74.327164692,74.11272249800001
74.24402314400001,74.247356486
74.160265624,74.38160808
74.07589965,74.515478204
73.990945612,74.648975902
73.905385522,74.782085996
73.819189704,74.91478522999999
73.732424452,75.04711300000001
73.645077036,75.179057058
73.557087112,75.310573614
73.468459306,75.44166113
73.37923651,75.572344384
73.289452194,75.70264250000001
73.19910156,75.832548574
73.108149668,75.962034382
73.016579002,76.09108332800001
72.924444392,76.219730334
72.83173957000001,76.3479669
72.738476382,76.475798074
72.64469678,76.603250814
72.550386786,76.73031162
72.455508632,76.856948714
72.360062892,76.983158586
72.26406670200001,77.108950318
72.16750881,77.234311386
72.070364416,77.35921841800001
71.972745746,77.48375531
71.874660312,77.60792476200001
71.77603671600001,77.73166725800002
71.676862986,77.854969284
71.577197354,77.977874084
71.477032172,78.10037200000001
71.376365308,78.22245809200001
71.27519904,78.344130594
71.173522574,78.465377082
71.071389168,78.58623893400001
70.968803918,78.70671749600001
70.865728512,78.826776962
70.762139366,78.94639347200001
70.65807106,79.065593272
70.553571464,79.18441535400001
70.448571946,79.302795508
70.34310541,79.42076019800001
70.237264558,79.538388914
70.13094151400001,79.65558199200001
70.024169136,79.772365882
69.916991404,79.88877793200001
69.80936547600001,80.00477558200001
69.70124652,80.12031393800001
69.592754226,80.23550174600001
69.483911154,80.350358262
69.374615968,80.46478442400002
69.26482310200001,80.57873336400002
69.15463217400001,80.69229729400001
69.04408704000001,80.80551650800001
68.93313435200001,80.91833633600001
68.821739972,81.03072002200001
68.709959056,81.14271934800001
68.59785568,81.25439594
68.485306502,81.365622922
68.372395108,81.476482726
68.259122484,81.58697287000001
68.14541451400001,81.69701526200001
68.031393326,81.806732974
67.91704469,81.91610946200001
67.80227776000001,82.02504674400001
67.687113108,82.133563738
67.57165380400001,82.241767018
67.455860116,82.34961244200001
67.33967894800001,82.457040302
67.22312188800001,82.56406019600001
67.106247442,82.670733446
66.98906648,82.777069864
66.87146918,82.88294564
66.753483668,82.98838862400001
66.63518988,83.09348583600001
66.516554098,83.19819655200001
66.397479726,83.302408336
66.278138054,83.40631415000001
66.158464318,83.509836882
66.038414754,83.612923964
65.918031322,83.715620754
65.79728615200001,83.817892032
65.67619169,83.919749502
65.554755658,84.02119953
65.43295395,84.12221018000001
65.310766102,84.222753438
65.18823594199999,84.322879158
65.065432556,84.42266972
64.942302158,84.522056354
64.818773368,84.62094748
64.694870966,84.719370072
64.57066026,84.81740335
64.44610113200001,84.91499341400001
64.321184744,85.01212587600001
64.195941318,85.108836258
64.070369566,85.20511996200001
63.944428474,85.30091995000001
63.818153252,85.39627931000001
63.691545954000006,85.49119705800001
63.564595483999994,85.585655536
63.437326894,85.67968494600001
63.30968466000001,85.773206274
63.181725162,85.86629345400002
63.05344711400001,85.95894077000001
62.92479524200001,86.051068512
62.795820860000006,86.142744096
62.66655922800001,86.23401440200001
62.536935724,86.32476975200001
62.40691925,86.41496145800001
62.276594018000004,86.50470632000001
62.14601831,86.594086528
62.015073652000005,86.68292499
61.883757876000004,86.771214302
61.752147482,86.85906372800001
61.620236266,86.946460812
61.48793592,87.033267526
61.35532664600001,87.119601888
61.22243658600001,87.20550326200001
61.089199648000005,87.29086556800002
60.955598425999995,87.375656594
60.821758586,87.460070686
60.687611692,87.54399569600001
60.55307061,87.627287448
60.418164316,87.709986394
60.282988079999996,87.792243236
60.147561664,87.874087732
60.01181192000001,87.955394494
59.87571668000001,88.036121966
59.739319222,88.11633757
59.602615816000004,88.196030718
59.46559684600001,88.275179998
59.328282768,88.35381629800001
59.190685712000004,88.431956308
59.052787314,88.509563326
58.914574754,88.586609432
58.776068916,88.66312705200001
58.6373016,88.739169442
58.498273962,88.81473487400001
58.35893729,88.889729028
58.219245738,88.964059684
58.079309458000004,89.03792915400001
57.939150076000004,89.111373888
57.798707904000004,89.184276698
57.657987584000004,89.25664106200001
57.51700774,89.32849866200002
57.375741374,89.39979106800001
57.234190856,89.47051787800001
57.09238319600001,89.540727552
56.95030491200001,89.610388076
56.807951464,89.679484114
56.665391312,89.74815363200001
56.522576656000005,89.816291026
56.379421368,89.88371068000001
56.236069888,89.95071198000001
56.092507412,90.017259968
55.94866862600001,90.083208306
55.804577531999996,90.148604008
55.66030396400001,90.21359586400001
55.51577700000001,90.278022468
55.37096015,90.34179436400001
55.225925966000005,90.40507113400001
55.080706462,90.46792076000001
54.935221684,90.53015416800001
54.789498712000004,90.59182788800001
54.643540094,90.652941586
54.497345878000004,90.713489654
54.35093800800001,90.773519214
54.204341396,90.833086304
54.057544715999995,90.89215893400001
53.910506068,90.950626022
53.763255236,91.008557428
53.615835712000006,91.06605769200002
53.468177690000005,91.12294289
53.320282490000004,91.179208496
53.172190650000005,91.234954724
53.02391535000001,91.29021069200002
52.87544948600001,91.344952816
52.726811586,91.399226584
52.577922324,91.452805534
52.428835144000004,91.505833048
52.279598792,91.55843791000001
52.13015386,91.610447804
51.980545476,91.661985818
51.83075721400001,91.712998218
51.680774750000005,91.763437174
51.53060408600001,91.813312854
51.380244978,91.862617584
51.229707754,91.91137555
51.07903042,91.95969919200002
50.92820109,92.00754596000002
50.77717225200001,92.054759422
50.6259482,92.10134362400001
50.474591118000006,92.147494044
50.323101266,92.19320643
50.171447782,92.23837324
50.019613818,92.282929552
49.867603846,92.326881466
49.715464202,92.37038255200001
49.563202228,92.413453608
49.41078511800001,92.45597199000001
49.258202818,92.49789399600002
49.105507936,92.539404516
48.952656510000004,92.58033357800001
48.799657382,92.62070846
48.64653716000001,92.660620698
48.493267976,92.699957396
48.339854062,92.738725654
48.186321498000005,92.777021434
48.032682982000004,92.814889776
47.878930248,92.852291746
47.725048138000005,92.889157944
47.571028462,92.925444634
47.416892344000004,92.96123460400001
47.262631048,92.996479562
47.108241918000004,93.031161356
46.953781898,93.065526182
46.799195666,93.099317166
46.644492934,93.132573264
46.489678164,93.16530136400002
46.334737326,93.19742862000001
46.179735064,93.229258704
46.024617148000004,93.260518192
45.869394226,93.291254472
45.714096354,93.321608272
45.558696506000004,93.351436202
45.403189452,93.380699808
45.247592178000005,93.40948025200001
45.09190851,93.437789046
44.93613688,93.46561020200001
44.78028450400001,93.492975286
44.624343612000004,93.51983114000001
44.468320852000005,93.546207608
44.312221156,93.572124546
44.156042306,93.59756029200001
43.999784332000004,93.62250536
43.843448518,93.64695771000001
43.68703918400001,93.67093556
43.530557030000004,93.694433132
43.37400185600001,93.71743941
43.21737894,93.739980114
43.06068260000001,93.762003644
42.903929802,93.78362302800001
42.747124156000005,93.80485458000001
42.590243664000006,93.825526554
42.433289032000005,93.84562746200001
42.276274216000004,93.865253248
42.119201090000004,93.884405982
41.962068132000006,93.90306206000001
41.8048805,93.921251458
41.647633704,93.93892273400002
41.490321114000004,93.955996826
41.332959374000005,93.97261366400001
41.175562204,93.988890192
41.018111122,94.004637548
40.860598096000004,94.01975172800002
40.703036314,94.03435033800001
40.545433214000006,94.04849455200001
40.387785652000005,94.06213487600002
40.230096440000004,94.075284542
40.072369816000005,94.087978836
39.91459913,94.10011112400001
39.756783500000004,94.111646232
39.598931986000004,94.122678226
39.44104754,94.133228332
39.28313301200001,94.143318932
39.125186368,94.15289320400001
38.96720492,94.16187492400002
38.809191952,94.17028398400001
38.65115582600001,94.178246224
38.493095518000004,94.18571309000001
38.335008192,94.192583002
38.17689669200001,94.19887381800001
38.018767928,94.204713068
37.860622092,94.210073112
37.702456784,94.21481644800001
37.54427556,94.219006952
37.386082634000005,94.222720092
37.227875904,94.225792268
37.069659866,94.22834316800001
36.911437226,94.230441674
36.753208624,94.232029166
36.594975048,94.233005168
36.436738838000004,94.23334195800001
36.278502422,94.233123726
36.120267344000005,94.232435268
35.962035098,94.23126749000001
35.803808088000004,94.229526886
35.645589380000004,94.22714838600001
35.487380996000006,94.224163144
35.32918247200001,94.220693064
35.170994396,94.21677529600001
35.012822322,94.21225547400002
34.854673206,94.20700222400001
34.696536404,94.20137262
34.538420582,94.195204128
34.380336014,94.18826431000001
34.22227094,94.180898466
34.064236012,94.17291603400001
33.906228862,94.164395564
33.748249256,94.15538217
33.590306321999996,94.145746466
33.432404708,94.135456676
33.274535316,94.124681756
33.116703808000004,94.11336833200001
32.958915594000004,94.10146417200001
32.801167384,94.08904207
32.643461404,94.07609437600001
32.485806808,94.062535792
32.328208032,94.04834248
32.17066493,94.03354453600001
32.013174666,94.01819442
31.855732618000005,94.002356906
31.698351982000005,93.985920972
31.541039284,93.96884706200001
31.38378515,93.951241162
31.226586300000005,93.933148374
31.069475978000003,93.914303766
30.912437886,93.894864776
30.755450478,93.87502072000001
30.598530210000003,93.854653622
30.441710508,93.833525936
30.284960166000005,93.811887996
30.128286812,93.78970221200001
29.971694420000002,93.76694970800001
29.81517603,93.74369472800001
29.658755282,93.71979139000001
29.502434324000003,93.6952444
29.346194772000004,93.67018343400001
29.190042956000003,93.64458279000002
29.034002368000003,93.61831187000001
28.878053912000002,93.59150000400001
28.722188106,93.564210382
28.5664411,93.53625335000001
28.410814094000003,93.50763328400001
28.255263902000003,93.47859975200001
28.09983486,93.448924944
27.944522346000003,93.418645036
27.789323518,93.38778842800001
27.634252588,93.35629526400001
27.479305546000003,93.32419834400001
27.324448394,93.29166949200001
27.1697248,93.258512944
27.015147774000003,93.22467805000001
26.860684782,93.190327128
26.706337706,93.15545877
26.552132494000002,93.119968664
26.398063922000002,93.083889404
26.244129638,93.04724189000001
26.090342038000003,93.009983426
25.936693326,92.97215666
25.783163916000003,92.93384738
25.629799888000004,92.89488335800002
25.476600874,92.85527348800001
25.323512752,92.81523814
25.170592358,92.774567078
25.01782563,92.73332160400001
24.86521338,92.69150919200001
24.712760776,92.64911775600001
24.560445548000004,92.60623559
24.40827865,92.56282999000001
24.256277588000003,92.51884705200001
24.104456436000003,92.474247222
23.952809876000003,92.42905718
23.801311034,92.38337451800001
23.649955812,92.337217992
23.498780538000002,92.29047578400001
23.347798150000003,92.24311402000001
23.196975984,92.19524455800001
23.04628955,92.14694938000001
22.895797342,92.098052666
22.745506892,92.04853903600001
22.595378984000003,91.99853469800001
22.445401758000003,91.94808037600001
22.295627436000004,91.89702688400001
22.14605596,91.84538188200001
21.99667006,91.793203006
21.847432576000003,91.74060062400001
21.698336268000002,91.687599602
21.549490750000004,91.633898758
21.400837752,91.57966648600001
21.252337112000003,91.52501879
21.104033856,91.46983780000001
20.955954278,91.41405932200001
20.808005528000002,91.35793430000001
20.660252594,91.30129647400001
20.51274618,91.24401925800001
20.365433208,91.18624638200001
20.21826885,91.128095816
20.071355744,91.069314098
19.924645862000002,91.01002609800001
19.778082440000002,90.95037743
19.631712762000003,90.89025481600001
19.48559059,90.82953328400001
19.339660288,90.768351608
19.193933556,90.706687266
19.04841883,90.64452383000001
18.903076842,90.5819578
18.757935162000003,90.518928184
18.613053564,90.455303708
18.468366136,90.391237924
18.323844005999998,90.32680099000001
18.179574944000002,90.261799076
18.035502826000002,90.196361476
17.891679149999998,90.130380388
17.748094502,90.063880006
17.604692478,89.99698717400001
17.4614835,89.92968198400001
17.31847392,89.86195377600001
17.175742666,89.79364161400001
17.033286668,89.724756696
16.891026008,89.65546957200002
16.748961454,89.585781084
16.607171508,89.515535806
16.46566032,89.44473022400001
16.3244148,89.37339654800002
16.183428548000002,89.30155162400001
16.042657876000003,89.229285082
15.902164493999999,89.15648139400001
15.761921956000002,89.083195114
15.621905300000002,89.00947853000001
15.482185052,88.93520149800001
15.342808028,88.860282498
15.203729434,88.78481094200001
15.064871951999999,88.70893327200001
14.92623204,88.63265891
14.787903604,88.55582093800001
14.649933220000001,88.47834213600001
14.512257846,88.40033992800001
14.374869892000001,88.32183298000001
14.237812840000002,88.24274954200001
14.101071124,88.16312220200001
13.964619038000002,88.082999434
13.828479393999999,88.00234716400001
13.692659358,87.92115751600001
13.557161294,87.839431848
13.422029142,87.75710259
13.287198478,87.674280388
13.152661520000002,87.59098188200001
13.01849882,87.507082148
12.884762864000002,87.42250362
12.751351894,87.337413584
12.618211978,87.251899678
12.485447488,87.165804734
12.353114878,87.07904675
12.221130488,86.991760232
12.089523042000001,86.903906484
11.958270598,86.81552307800001
11.827364500000002,86.72662754800001
11.69684956,86.63715874600001
11.566776862000001,86.547048148
11.437111338000001,86.456352702
11.307798494,86.36515498
11.178860096000001,86.27342877400001
11.05036143,86.18108744
10.922304906,86.08813399600001
10.794639368,85.99464420000001
10.667366486,85.900620664
10.540517352000002,85.80602613600001
10.414116714,85.710833156
10.288177354,85.61503077600001
10.162670088,85.51866296200001
10.03758788,85.42174411600001
9.912939540000002,85.324267934
9.788710248000001,85.22625824400001
9.664862848,85.127766284
9.541458596,85.02872003600001
9.418484418,84.929139742
9.295945956,84.829024274
9.173899418000001,84.72830954800001
9.052178058,84.627201908
8.930825256,84.525652436
8.809934166,84.42355364600002
8.689508806000001,84.320905898
8.56949587,84.217776292
8.449879374,84.11418725600001
8.330606078,84.01020303000001
8.211698476,83.905801022
8.093234638,83.80089562
7.975203208000001,83.695504024
7.8575482,83.589692232
7.740302084,83.48342775200001
7.623478702,83.37669854800001
7.507016486000001,83.269575444
7.390888696000001,83.162089828
7.275149678,83.05418583400001
7.159797912000001,82.945867766
7.044820916000001,82.83715212800001
6.930237546,82.72802164400001
6.816020398000001,82.61850782
6.702220398000001,82.508560856
6.588776729999999,82.398245988
6.475617306,82.28763973000001
6.362825066,82.176658954
6.25047431,82.06523142
6.138475586,81.95344983000001
6.026790366,81.841355218
5.915457936,81.728910102
5.804465356000001,81.616129538
5.693805998,81.50302200600001
5.583483026,81.38958633800002
5.473503036,81.27581811200001
5.36386737,81.161718028
5.25456997,81.047293882
5.1456186740000005,80.93254008400001
5.037024988000001,80.81744797200001
4.928714562,80.702089054
4.820632222,80.586516518
4.7129614580000005,80.47056054000001
4.605623958000001,80.35429574800001
4.4985913,80.23775049
4.391896704,80.120895562
4.285496824,80.003772272
4.179336986,79.88643127
4.073515378,79.76878531800001
3.9680479740000005,79.650821574
3.862843924,79.53262297200001
3.757868808,79.41422098800001
3.653209962,79.29553934
3.548912804,79.176539752
3.44491963,79.057274382
3.3411369860000004,78.937825804
3.237559648,78.81819911600002
3.1342899500000003,78.69830683400001
3.031333446,78.57814535600001
2.928666628,78.457736412
2.8262518940000003,78.337112926
2.723987618,78.21636179000001
2.622041262,78.09534229600001
2.520414182,77.974054428
2.4189430020000002,77.85263609600001
2.317611592,77.73110110200001
2.216689026,77.60922661000001
2.115926578,77.48721928
2.015350944,77.36505836600001
1.9151066660000002,77.24262506600002
1.815026292,77.12005787800001
1.71509994,76.99736507600001
1.61537704,76.874506866
1.515866702,76.75147639000001
1.416556438,76.628284388
1.31744897,76.504929184
1.218480476,76.3814624
1.119701816,76.257843784
1.021119176,76.13406869800001
0.92268204,76.01017791000001
0.8244381620000001,75.886133802
0.7263769560000001,75.761945262
0.6284259600000001,75.637669708
0.5306174419999999,75.51328208800001
0.43302858200000005,75.388721996
0.335525788,75.264094514
0.23815908000000002,75.13936074
0.140937272,75.014513942
0.04381737,74.889587878
-0.05318636,74.76457157600001
-0.15001139800000002,74.63941683
-0.24666856400000003,74.51413239200001
-0.343294614,74.388823956
-0.43992554000000006,74.26351929
-0.536381074,74.138079544
-0.63268391,74.01252253599999
-0.728936004,73.88692662800001
-0.82513914,73.761293214
-0.92120756,73.63555675600001
-1.017139462,73.509716118
-1.113095864,73.38389413600001
-1.208976072,73.25801414600001
-1.304761964,73.13206230600001
-1.40057359,73.006130068
-1.4962922280000002,72.880127138
-1.591934962,72.754066572
-1.687572586,72.628002138
-1.783202162,72.501931598
-1.8787579260000002,72.37580510000001
-1.9742566620000002,72.24963541800001
-2.069748596,72.123460588
-2.1652430760000003,71.997287686
-2.260738666,71.87111562400001
-2.356247696,71.744953734
-2.451723194,71.618766468
-2.547146002,71.492539346
-2.6425855560000002,71.366324904
-2.738105206,71.240171046
-2.8336254660000004,71.11401764200001
-2.928997024,70.98775182600001
-3.0243680800000003,70.861485602
-3.1198481240000002,70.73530176000001
-3.2153330920000003,70.609121664
-3.3107134360000003,70.48286246400001
-3.406051414,70.35657125
-3.501451412,70.230326902
-3.5968709400000005,70.10409731200001
-3.692204658,69.977802894
-3.7875507300000004,69.85151780400001
-3.8828756220000002,69.725216728
-3.9781581420000003,69.598883682
-4.073422884,69.47253722800001
-4.168672948,69.34617971
-4.263866072,69.219779294
-4.359063468,69.093382084
-4.454237866,68.96696757400001
-4.5493502040000005,68.840506348
-4.644468346,68.714049492
-4.739559638,68.587572448
-4.834607142,68.46106249
-4.929642242,68.33454321800001
-5.024679594,68.20802563400001
-5.119648618,68.08145674000001
-5.2144798020000005,67.95478456400001
-5.309303030000001,67.82810642
-5.404195226000001,67.70147992
-5.499059488,67.5748325
-5.593806052000001,67.448097008
-5.688464898,67.321295976
-5.783116888,67.19448983400001
-5.877763524000001,67.06767969799999
-5.972337542000001,66.94081539
-6.06686391,66.813915574
-6.161346578,66.68698322
-6.255780446,66.560014554
-6.350160702,66.43300603200001
-6.444483088,66.305954528
-6.538755354,66.178865834
-6.632987958,66.05174771600001
-6.727138968,65.924569174
-6.821180806,65.797309864
-6.915168564,65.670010614
-7.0091136899999995,65.542679902
-7.103008866000001,65.41531235000001
-7.196849114,65.287904324
-7.2906376260000005,65.16045821
-7.3843809920000005,65.032978884
-7.478076456,64.905464344
-7.57169073,64.777890188
-7.6651918420000005,64.65023307
-7.758584186,64.522496358
-7.851909036000001,64.394710326
-7.945196834,64.26689724399999
-8.038435836,64.139048558
-8.131586704,64.011135648
-8.224630556,63.88314487
-8.317613874000001,63.755110110000004
-8.410583396,63.627065322
-8.503469772,63.498960228
-8.596193642000001,63.370737436000006
-8.68880667,63.24243457600001
-8.781405092,63.114121170000004
-8.874010512,62.98581282200001
-8.966595642,62.857489818000005
-9.059101060000001,62.729109352
-9.151480098,62.60063791600001
-9.243850858,62.472160524
-9.336205644000001,62.34367164400001
-9.428463528,62.215113183999996
-9.520613806,62.086477554
-9.61276097,61.9578397
-9.704982536000001,61.82925516200001
-9.797134796000002,61.700620998000005
-9.889185002000001,61.571913724000005
-9.981262486,61.443225987999995
-10.073242304,61.314468432000005
-10.165159430000001,61.185666094
-10.257111046,61.056888396000005
-10.349083112,60.928125296
-10.440979712,60.79930832400001
-10.53287847,60.670492890000006
-10.624804082,60.54169662000001
-10.716701924,60.41288054
-10.808539366,60.284021384000006
-10.900367004000001,60.15515524400001
-10.992199098,60.026292282
-11.084022078,59.89742281600001
-11.17588756,59.768583660000004
-11.267802486,59.639779762
-11.359628768,59.510912657999995
-11.451483334,59.382065712
-11.543397512,59.253261278000004
-11.635315428,59.12445952000001
-11.727211306000001,58.99564203400001
-11.819126390000001,58.866838248
-11.911096538,58.73807378200001
-12.003075606000001,58.60931568
-12.095056970000002,58.480559224000004
-12.187106032,58.351851151999995
-12.279181748000001,58.22316214600001
-12.371234434000002,58.09445667400001
-12.463283590000001,57.965748662
-12.5554031,57.837091009999995
-12.647639332,57.708517002
-12.739928592,57.57998105200001
-12.832190426,57.451425410000006
-12.924494006000002,57.322899768000006
-13.016921922000002,57.194463476
-13.109375675999999,57.066045796000004
-13.201816690000001,56.937618944
-13.294305770000001,56.80922671
-13.386892656,56.680904972
-13.479590916000001,56.552663676
-13.572410082,56.424509868
-13.66522415,56.29635235800001
-13.758066596,56.168215416
-13.851012480000001,56.040153474
-13.944036354,55.91214817600001
-14.037094356,55.784167686
-14.130206482,55.65622657400001
-14.223376318000001,55.528327472
-14.316601778,55.400468918
-14.409881286000001,55.272649784
-14.503154043999999,55.144825726
-14.596450110000001,55.01701868200001
-14.689788100000001,54.88924224800001
-14.783144958000001,54.7614796
-14.876520108000001,54.63373032
-14.969961688000001,54.506029608
-15.063321384,54.378269068
-15.156581674000002,54.250435892
-15.249858588000002,54.122614872
-15.343138228,53.99479583600001
-15.436427228,53.866983634
-15.529712888,53.739168984
-15.622931434000002,53.611305392
-15.716017074000002,53.48334499600001
-15.808996334,53.355307288
-15.901962836000003,53.227260322
-15.994942944,53.09922322
-16.087857246,52.971138376
-16.180615636,52.842940558
-16.273266618,52.714665108
-16.365863774,52.586350756
-16.458328452,52.457940988
-16.55066215,52.329436932
-16.64298067,52.200921994
-16.735064936,52.072239038
-16.827032606,51.943473224
-16.91893811,51.814661488000006
-17.010681924,51.6857367
-17.102234616,51.556679332
-17.19356109,51.427408386
-17.28464644,51.29789222000001
-17.375487302,51.168131378
-17.466080388,51.038126616
-17.556422414,50.907878688000004
-17.646510090000003,50.777388352
-17.736340132000002,50.646656362
-17.825909250000002,50.51568347400001
-17.915214156,50.38447044200001
-18.004251566,50.253018024
-18.093018190000002,50.121326972000006
-18.181510744,49.989398044000005
-18.269725938,49.857231996
-18.357660484,49.724829582000005
-18.445311098,49.592191556
-18.532674492,49.459318678
-18.619747378,49.3262117
-18.706526468000003,49.192871376
-18.793008478,49.059298466
-18.879190116,48.925493722
-18.9650681,48.791457900000005
-19.050639138,48.657191758
-19.135899948,48.522696048
-19.220847238,48.38797152800001
-19.305477724,48.253018950000005
-19.389788116000002,48.117839074
-19.473775130000003,47.982432652
-19.557435476000002,47.846800442
-19.640765870000003,47.710943196
-19.723763022,47.574861674000005
-19.806423646,47.438556628
-19.888744454,47.302028814
-19.97072216,47.165278988000004
-20.052353476,47.028307906
-20.133635116,46.891116324
-20.21456379,46.753704994
-20.295136214,46.616074676000004
-20.3753491,46.478226122
-20.455199160000003,46.340160088000005
-20.534683108,46.201877332
-20.613797654000003,46.063378606
-20.692539516,45.924664668000005
-20.770905402,45.78573627200001
-20.848892026,45.646594174
-20.926496102,45.50723913
-21.003714342000002,45.367671894000004
-21.08054346,45.227893224000006
-21.156980166,45.087903872
-21.233021176,44.947704596
-21.308663202,44.807296150000006
-21.383902956,44.666679292
-21.45873715,44.525854774
-21.533162498,44.384823352000005
-21.607175714,44.243585784000004
-21.68077351,44.102142824
-21.753952598,43.960495228000006
-21.826709692,43.81864375000001
-21.899041502000003,43.676589146
-21.970944744,43.534332172000006
-22.042416130000003,43.391873584
-22.113452374,43.249214136000006
-22.184050186,43.106354584
-22.254206280000002,42.963295684
-22.323917370000004,42.820038190000005
-22.393180168,42.67658286
-22.461991386,42.532930448
-22.530347738000003,42.389081708
-22.598245936,42.245037398
-22.665682694,42.100798272
-22.732654724,41.956365086000005
-22.799158738000003,41.811738594000005
-22.86519145,41.666919554
-22.930749574000004,41.52190872
-22.99582982,41.376706848
-23.060428902,41.231314692000005
-23.124543534,41.085733010000006
-23.188170426,40.939962554000005
-23.251306294000003,40.794004082
-23.31394785,40.64785835000001
-23.376091806,40.50152611
-23.437734876,40.355008122
-23.498873770000003,40.208305138
-23.559505204000004,40.061417916
-23.619625890000002,39.914347208
-23.67923254,39.767093774
-23.738321868,39.619658366
-23.796890584,39.47204174
-23.854935406000003,39.324244652000004
-23.912453042000003,39.176267858
-23.969440206,39.028112112
-24.025893612,38.879778172
-24.081809974000002,38.73126679000001
-24.137186002000004,38.582578724
-24.192018408000003,38.433714728000005
-24.24630391,38.284675560000004
-24.300039216000002,38.135461972
-24.35322104,37.986074722000005
-24.405846096,37.836514562000005
-24.457911094,37.686782252
-24.509412752000003,37.536878546000004
-24.560347778,37.386804198
-24.610712886,37.236559964
-24.66050479,37.0861466
-24.709720204000003,36.935564862
-24.758355836000003,36.784815504
-24.806408404000003,36.633899282
-24.853874618000003,36.48281695
-24.900751192,36.331569268
-24.947034838,36.180156986
-24.992722268,36.028580864000006
-25.037810198000003,35.876841653999996
-25.082295338,35.724940114
-25.1261744,35.572876998
-25.169444100000003,35.42065306
-25.212104504000003,35.268269868
-25.254294204000004,35.115762358000005
-25.296234272000003,34.963184996
-25.337895274,34.810531194
-25.379318696000002,34.65781287
-25.420558378000003,34.505044770000005
-25.461618266000002,34.352228266
-25.502459068,34.199353052
-25.54304034,34.046408766000006
-25.583445464,33.893417824000004
-25.623745584,33.74039920800001
-25.663937962000002,33.587352252
-25.704009704,33.434273672
-25.743979818000003,33.28116850200001
-25.783788422,33.1280213
-25.823477592000003,32.974843068000006
-25.863175506,32.821667116
-25.902851440000003,32.66848546400001
-25.942418615999998,32.515275692
-25.981867230000002,32.362035334000005
-26.021322106000003,32.20879661
-26.060883172000004,32.055585252
-26.100381966,31.902357834
-26.139826662000004,31.749116470000004
-26.1793289,31.595889948000003
-26.218933352,31.442689794000003
-26.258594444,31.289504302
-26.298348900000004,31.136343016
-26.338192682,30.983204936
-26.378130016,30.83009123
-26.418183292,30.677007814000003
-26.458350178000003,30.523954170000003
-26.49861034,30.370925010000004
-26.539078806,30.217950846000004
-26.579788594000004,30.065040704
-26.620645594000003,29.912169824000003
-26.6616072,29.759326818
-26.702705114000004,29.606521642000004
-26.743955924,29.453759400000003
-26.785357112000003,29.301039388
-26.826905948000004,29.148360838000002
-26.868599708,28.99572298
-26.910435666,28.843125048000005
-26.952411092000002,28.690566272
-26.994523262,28.538045888
-27.036769450000005,28.385563126
-27.079146926,28.233117216
-27.121652968000003,28.080707394
-27.164284844000004,27.928332890000004
-27.207039832,27.775992936
-27.249915202,27.623686766
-27.292908230000002,27.471413610000003
-27.336016188000002,27.319172702
-27.379236348000003,27.166963272
-27.422565986000002,27.014784552
-27.466002374,26.862635777999998
-27.509542785999997,26.710516178000002
-27.553184494,26.558424986000002
-27.596924772,26.406361434000004
-27.640760894,26.254324754
-27.684690134,26.102314178
-27.728709762,25.950328938000002
-27.772817056000004,25.798368266
-27.817009284,25.646431396000004
-27.861283724,25.494517556
-27.905637648,25.342625984
-27.950068328,25.190755906000003
-27.994573038,25.03890656
-28.039149052,24.887077172
-28.083793642000003,24.735266980000002
-28.128504084000003,24.583475212
-28.173277648,24.431701104000002
-28.21811161,24.279943884
-28.263003242000003,24.128202786000003
-28.307949817999997,23.976477042
-28.35294861,23.824765884
-28.397996892,23.673068544000003
-28.443091940000002,23.521384256
-28.488231024,23.369712250000003
-28.533411416000003,23.218051758
-28.578630394,23.066402014
-28.623885228000002,22.914762248000002
-28.669173194000003,22.763131694000002
-28.714491562000003,22.611509584000004
-28.759837607999998,22.459895148
-28.805208604,22.30828762
-28.850601824,22.156686232000002
-28.896014542000003,22.005090216
-28.941444028000003,21.853498806
-28.986887560000003,21.70191123
-29.032342408,21.550326722
-29.077805846000004,21.398744516
-29.123275148,21.247163842000003
-29.168747588000002,21.095583932
-29.214220438,20.94400402
-29.259690972,20.792423336
-29.305156464,20.640841114
-29.350614184,20.489256584000003
-29.39606141,20.337668982
-29.441495412000002,20.186077536
-29.486913466,20.03448148
-29.532312842,19.882880046
-29.577690816,19.731272466
-29.62304466,19.579657972000003
-29.66837165,19.428035796000003
-29.713669056,19.276405172
-29.758934152000002,19.124765328000002
-29.804164212000003,18.973115502
-29.849356510000003,18.82145492
-29.894508318,18.669782817999998
-29.93961691,18.518098428
-29.984679558,18.366400982
-30.029693538,18.21468971
-30.074656122,18.062963846
-30.119564584000003,17.911222622
-30.164416196000005,17.759465268
-30.209208231999998,17.60769102
-30.253937964000002,17.455899108
-30.298602668,17.304088764
-30.343199616,17.15225922
-30.387726082,17.00040971
-30.432179336000004,16.848539464
-30.476556656000003,16.696647714
-30.520855314000002,16.544733694
-30.565072582,16.392796636
-30.609205734,16.24083577
-30.653252044,16.08885033
-30.697208783999997,15.936839546
-30.741073228,15.784802654000002
-30.78484265,15.632738882000002
-30.828514322000004,15.480647466
-30.872085520000002,15.328527636000002
-30.915553514,15.176378622
-30.958915578000003,15.02419966
-31.002168988,14.871989982
-31.045311014,14.719748816000001
-31.088338932,14.567475398
-31.131250014000003,14.41516896
-31.174041532000004,14.262828732000001
-31.21671131,14.110454102
-31.259298018,13.958056012
-31.301885800000004,13.805658248
-31.344481700000003,13.653262760000002
-31.387059072,13.500862086000001
-31.429647882,13.348464614000001
-31.472307854000004,13.196087042
-31.515023436000003,13.043725052
-31.557730302,12.891360618
-31.600409112,12.73898832
-31.643123032000002,12.586625868
-31.685924072000002,12.434287860000001
-31.728729072,12.281950968
-31.771546432000005,12.129617542
-31.814449195999998,11.97730816
-31.857450992000004,11.825026696000002
-31.900480690000002,11.672753120000001
-31.943522538000003,11.520482978
-31.986611248000003,11.368226088
-32.029771164,11.21598937
-32.073002208000005,11.063772832
-32.116306766,10.911577190000001
-32.159710574,10.759409828
-32.20319251,10.607264768
-32.246696402,10.45512599
-32.290208042,10.302989424000002
-32.333806068,10.150877586
-32.377558,9.99880996
-32.421422928,9.84677487
-32.46535631,9.694759562000002
-32.509360258,9.542764660000001
-32.55342953,9.390788686
-32.597575434,9.238834956
-32.641794508,9.086902499999999
-32.686048924,8.934980336
-32.73028518,8.783052884
-32.774496182,8.63111808
-32.818776768,8.479203545999999
-32.863153554,8.327317078
-32.907561750000006,8.175439796000001
-32.951934128,8.023552044
-32.996279036,7.871656268
-33.040633644,7.719763326000001
-33.085028214,7.56788206
-33.129433414,7.4160039
-33.173759492,7.264102628000001
-33.21799332,7.112174468000001
-33.262233912,6.960248286
-33.306533254,6.808339202000001
-33.350792048,6.65641832
-33.394865,6.50444342
-33.438898406,6.352457040000001
-33.483009482,6.20049319
-33.52708722,6.04851969
-33.570961706000006,5.896487356000001
-33.614736444,5.74442628
-33.658490258,5.59235919
-33.702176708,5.440272726
-33.745709528,5.288142220000001
-33.789079358,5.135965166
-33.832370858000004,4.98376581
-33.875608984,4.831551284
-33.918756234,4.679310972
-33.961759028,4.5270297919999996
-34.00459957,4.374702886000001
-34.047324046,4.2223433980000005
-34.089975592,4.069963434000001
-34.132453232,3.91753497
-34.174669804000004,3.7650339340000003
-34.216742744,3.61249323
-34.258690828,3.459918148
-34.30047034,3.3072968140000003
-34.34204037200001,3.1546182920000003
-34.383401176,3.001882954
-34.424597892,2.8491032880000002
-34.465675974,2.696291652
-34.50654318,2.54342352
-34.547122858,2.39047879
-34.587482288000004,2.2374758040000002
-34.627704064,2.084436512
-34.667601946000005,1.9313126100000002
-34.70724535,1.7781224600000003
-34.746751276,1.624896896
-34.786001436,1.4716055780000001
-34.824965108,1.3182412220000002
-34.863703640000004,1.164819764
-34.90216014200001,1.0113274920000002
-34.940305508,0.8577575
-34.978256714000004,0.7041394360000001
-35.015871600000004,0.550438702
-35.053121528000005,0.39664908200000004
-35.090082882000004,0.24278984600000003
-35.126855260000006,0.088885374
